2025-07-12, 13:18:12 - cpnest.cpnest.CPNest                  : Running with 1 parallel threads
2025-07-12, 13:18:12 - cpnest.sampler.Sampler                : Sampler process 3742438: saved 32 prior samples in prior_samples_3742438.dat
2025-07-12, 13:18:13 - cpnest.sampler.Sampler                : Sampler 3742438 -- ACL(phi_mrg_22)  = 6.641978501808469
2025-07-12, 13:18:13 - cpnest.sampler.Sampler                : Sampler 3742438 -- ACL(phi_mrg_22)  = 5.778462851738986
2025-07-12, 13:18:13 - cpnest.NestedSampling.NestedSampler   : 1: n:  20 NS_acc:0.500 S0_acc:0.715 sub_acc:0.650 H: 0.00 logL -4282446162.18507 --> -3080554275.15311 dZ: 4282224501.253 logZ: -4282446165.666 logLmax: -221664.41
2025-07-12, 13:18:13 - cpnest.NestedSampling.NestedSampler   : 2: n:  20 NS_acc:0.667 S0_acc:0.713 sub_acc:0.550 H: 3.51 logL -4279015678.87821 --> -812013398.40493 dZ: 4278794017.946 logZ: -4279015682.391 logLmax: -221664.41
2025-07-12, 13:18:13 - cpnest.NestedSampling.NestedSampler   : 3: n:  20 NS_acc:0.750 S0_acc:0.712 sub_acc:0.600 H: 3.54 logL -4274724928.85258 --> -4097640656.12878 dZ: 4274503267.921 logZ: -4274724932.396 logLmax: -221664.41
2025-07-12, 13:18:13 - cpnest.NestedSampling.NestedSampler   : 4: n:  20 NS_acc:0.800 S0_acc:0.711 sub_acc:0.650 H: 3.58 logL -4194766797.40254 --> -947234861.39067 dZ: 4194545136.471 logZ: -4194766800.978 logLmax: -221664.41
2025-07-12, 13:18:13 - cpnest.NestedSampling.NestedSampler   : 5: n:  20 NS_acc:0.833 S0_acc:0.709 sub_acc:0.450 H: 3.61 logL -4174439376.45051 --> -2786111832.99970 dZ: 4174217715.519 logZ: -4174439380.057 logLmax: -221664.41
2025-07-12, 13:18:13 - cpnest.NestedSampling.NestedSampler   : 6: n:  20 NS_acc:0.857 S0_acc:0.711 sub_acc:0.700 H: 3.64 logL -4160861837.38443 --> -3808172379.79920 dZ: 4160640176.452 logZ: -4160861841.022 logLmax: -221664.41
2025-07-12, 13:18:13 - cpnest.NestedSampling.NestedSampler   : 7: n:  20 NS_acc:0.875 S0_acc:0.711 sub_acc:0.600 H: 3.67 logL -4097640656.12878 --> -76489401.37205 dZ: 4097418995.197 logZ: -4097640659.798 logLmax: -221664.41
2025-07-12, 13:18:13 - cpnest.NestedSampling.NestedSampler   : 8: n:  20 NS_acc:0.889 S0_acc:0.713 sub_acc:0.800 H: 3.70 logL -4015683835.04618 --> -1347506221.33067 dZ: 4015462174.114 logZ: -4015683838.746 logLmax: -221664.41
2025-07-12, 13:18:13 - cpnest.NestedSampling.NestedSampler   : 9: n:  20 NS_acc:0.900 S0_acc:0.711 sub_acc:0.500 H: 3.73 logL -3808172379.79920 --> -440814042.85144 dZ: 3807950718.867 logZ: -3808172383.531 logLmax: -221664.41
2025-07-12, 13:18:13 - cpnest.NestedSampling.NestedSampler   : 10: n:  20 NS_acc:0.909 S0_acc:0.710 sub_acc:0.650 H: 3.76 logL -3753145158.85524 --> -3738314640.00104 dZ: 3752923497.923 logZ: -3753145162.618 logLmax: -221664.41
2025-07-12, 13:18:13 - cpnest.NestedSampling.NestedSampler   : 11: n:  20 NS_acc:0.917 S0_acc:0.708 sub_acc:0.600 H: 3.79 logL -3738314640.00104 --> -1868241114.06546 dZ: 3738092979.069 logZ: -3738314643.795 logLmax: -221664.41
2025-07-12, 13:18:13 - cpnest.NestedSampling.NestedSampler   : 12: n:  20 NS_acc:0.923 S0_acc:0.707 sub_acc:0.600 H: 3.83 logL -3296471219.64334 --> -2104505175.46621 dZ: 3296249558.711 logZ: -3296471223.468 logLmax: -221664.41
2025-07-12, 13:18:13 - cpnest.NestedSampling.NestedSampler   : 13: n:  20 NS_acc:0.929 S0_acc:0.705 sub_acc:0.600 H: 3.86 logL -3275237287.52881 --> -138045767.20435 dZ: 3275015626.597 logZ: -3275237291.385 logLmax: -221664.41
2025-07-12, 13:18:13 - cpnest.NestedSampling.NestedSampler   : 14: n:  20 NS_acc:0.933 S0_acc:0.704 sub_acc:0.700 H: 3.89 logL -3227032757.80452 --> -1675192026.26148 dZ: 3226811096.873 logZ: -3227032761.692 logLmax: -221664.41
2025-07-12, 13:18:13 - cpnest.NestedSampling.NestedSampler   : 15: n:  20 NS_acc:0.938 S0_acc:0.703 sub_acc:0.650 H: 3.92 logL -3211262419.95420 --> -999752980.67380 dZ: 3211040759.022 logZ: -3211262423.873 logLmax: -221664.41
2025-07-12, 13:18:13 - cpnest.NestedSampling.NestedSampler   : 16: n:  20 NS_acc:0.941 S0_acc:0.701 sub_acc:0.600 H: 3.95 logL -3080554275.15311 --> -1329380907.28964 dZ: 3080332614.221 logZ: -3080554279.103 logLmax: -219210.05
2025-07-12, 13:18:13 - cpnest.sampler.Sampler                : Sampler 3742438 -- ACL(phi_mrg_22)  = 4.456578210429722
2025-07-12, 13:18:13 - cpnest.NestedSampling.NestedSampler   : 17: n:  20 NS_acc:0.944 S0_acc:0.698 sub_acc:0.250 H: 3.98 logL -2977684073.27617 --> -1473273122.31031 dZ: 2977464866.705 logZ: -2977684077.257 logLmax: -219210.05
2025-07-12, 13:18:13 - cpnest.NestedSampling.NestedSampler   : 18: n:  20 NS_acc:0.947 S0_acc:0.695 sub_acc:0.550 H: 4.01 logL -2871461489.35517 --> -519486853.29824 dZ: 2871242282.784 logZ: -2871461493.368 logLmax: -219210.05
2025-07-12, 13:18:13 - cpnest.NestedSampling.NestedSampler   : 19: n:  20 NS_acc:0.950 S0_acc:0.693 sub_acc:0.500 H: 4.04 logL -2786111832.99970 --> -348353326.66214 dZ: 2785892626.429 logZ: -2786111837.044 logLmax: -219210.05
2025-07-12, 13:18:13 - cpnest.NestedSampling.NestedSampler   : 20: n:  20 NS_acc:0.952 S0_acc:0.690 sub_acc:0.600 H: 4.08 logL -2729006903.15590 --> -1076254605.84346 dZ: 2728787696.585 logZ: -2729006907.231 logLmax: -219210.05
2025-07-12, 13:18:13 - cpnest.NestedSampling.NestedSampler   : 21: n:  20 NS_acc:0.955 S0_acc:0.689 sub_acc:0.550 H: 4.11 logL -2550812732.95978 --> -1195341500.55882 dZ: 2550593526.389 logZ: -2550812737.066 logLmax: -219210.05
2025-07-12, 13:18:13 - cpnest.NestedSampling.NestedSampler   : 22: n:  20 NS_acc:0.957 S0_acc:0.684 sub_acc:0.150 H: 4.14 logL -2104505175.46621 --> -510175334.38245 dZ: 2104285968.895 logZ: -2104505179.604 logLmax: -219210.05
2025-07-12, 13:18:13 - cpnest.NestedSampling.NestedSampler   : 23: n:  20 NS_acc:0.958 S0_acc:0.682 sub_acc:0.500 H: 4.17 logL -1885411751.62923 --> -1130590876.95326 dZ: 1885192545.058 logZ: -1885411755.798 logLmax: -219210.05
2025-07-12, 13:18:13 - cpnest.NestedSampling.NestedSampler   : 24: n:  20 NS_acc:0.960 S0_acc:0.679 sub_acc:0.450 H: 4.20 logL -1868241114.06546 --> -528999251.98674 dZ: 1868021907.494 logZ: -1868241118.266 logLmax: -219210.05
2025-07-12, 13:18:13 - cpnest.NestedSampling.NestedSampler   : 25: n:  20 NS_acc:0.962 S0_acc:0.673 sub_acc:0.200 H: 4.23 logL -1675192026.26148 --> -663370876.61604 dZ: 1674972819.690 logZ: -1675192030.493 logLmax: -219210.05
2025-07-12, 13:18:13 - cpnest.NestedSampling.NestedSampler   : 26: n:  20 NS_acc:0.963 S0_acc:0.671 sub_acc:0.550 H: 4.26 logL -1473273122.31031 --> -214096720.88080 dZ: 1473053915.739 logZ: -1473273126.573 logLmax: -217578.17
2025-07-12, 13:18:13 - cpnest.NestedSampling.NestedSampler   : 27: n:  20 NS_acc:0.964 S0_acc:0.669 sub_acc:0.400 H: 4.29 logL -1379504071.37110 --> -131931335.49089 dZ: 1379286496.679 logZ: -1379504075.665 logLmax: -217578.17
2025-07-12, 13:18:13 - cpnest.NestedSampling.NestedSampler   : 28: n:  20 NS_acc:0.966 S0_acc:0.667 sub_acc:0.500 H: 4.33 logL -1347506221.33067 --> -1551876.99304 dZ: 1347288646.638 logZ: -1347506225.656 logLmax: -217578.17
2025-07-12, 13:18:13 - cpnest.NestedSampling.NestedSampler   : 29: n:  20 NS_acc:0.967 S0_acc:0.666 sub_acc:0.550 H: 4.36 logL -1329380907.28964 --> -566778907.29995 dZ: 1329163332.597 logZ: -1329380911.646 logLmax: -217578.17
2025-07-12, 13:18:13 - cpnest.NestedSampling.NestedSampler   : 30: n:  20 NS_acc:0.968 S0_acc:0.664 sub_acc:0.550 H: 4.39 logL -1195341500.55882 --> -128226446.70812 dZ: 1195123925.866 logZ: -1195341504.946 logLmax: -217578.17
2025-07-12, 13:18:13 - cpnest.NestedSampling.NestedSampler   : 31: n:  20 NS_acc:0.969 S0_acc:0.662 sub_acc:0.550 H: 4.42 logL -1187474557.00241 --> -35799783.17460 dZ: 1187256982.310 logZ: -1187474561.421 logLmax: -217578.17
2025-07-12, 13:18:13 - cpnest.NestedSampling.NestedSampler   : 32: n:  20 NS_acc:0.970 S0_acc:0.660 sub_acc:0.500 H: 4.45 logL -1130590876.95326 --> -125094689.24512 dZ: 1130373302.261 logZ: -1130590881.403 logLmax: -217578.17
2025-07-12, 13:18:13 - cpnest.sampler.Sampler                : Sampler 3742438 -- ACL(phi_mrg_22)  = 5.292515232425217
2025-07-12, 13:18:13 - cpnest.NestedSampling.NestedSampler   : Rolling KS test: D=0.164, p-value=0.318
2025-07-12, 13:18:13 - cpnest.NestedSampling.NestedSampler   : 33: n:  20 NS_acc:0.971 S0_acc:0.656 sub_acc:0.500 H: 4.48 logL -1084873683.40297 --> -84851822.00513 dZ: 1084656108.711 logZ: -1084873687.884 logLmax: -217578.17
2025-07-12, 13:18:13 - cpnest.NestedSampling.NestedSampler   : 34: n:  20 NS_acc:0.971 S0_acc:0.655 sub_acc:0.550 H: 4.51 logL -1076254605.84346 --> -388748734.02755 dZ: 1076037031.151 logZ: -1076254610.356 logLmax: -217578.17
2025-07-12, 13:18:13 - cpnest.NestedSampling.NestedSampler   : 35: n:  20 NS_acc:0.972 S0_acc:0.651 sub_acc:0.350 H: 4.54 logL -1058635735.66973 --> -87083263.69217 dZ: 1058418160.977 logZ: -1058635740.214 logLmax: -217578.17
2025-07-12, 13:18:13 - cpnest.NestedSampling.NestedSampler   : 36: n:  20 NS_acc:0.973 S0_acc:0.647 sub_acc:0.200 H: 4.58 logL -999752980.67380 --> -179246130.49634 dZ: 999535405.981 logZ: -999752985.249 logLmax: -217578.17
2025-07-12, 13:18:13 - cpnest.NestedSampling.NestedSampler   : 37: n:  20 NS_acc:0.974 S0_acc:0.645 sub_acc:0.400 H: 4.61 logL -993987618.38816 --> -6464527.50954 dZ: 993770043.696 logZ: -993987622.994 logLmax: -217578.17
2025-07-12, 13:18:13 - cpnest.NestedSampling.NestedSampler   : 38: n:  20 NS_acc:0.974 S0_acc:0.643 sub_acc:0.600 H: 4.64 logL -947234861.39067 --> -597719683.03399 dZ: 947017286.698 logZ: -947234866.028 logLmax: -217578.17
2025-07-12, 13:18:13 - cpnest.NestedSampling.NestedSampler   : 39: n:  20 NS_acc:0.975 S0_acc:0.640 sub_acc:0.200 H: 4.67 logL -871369248.27219 --> -25105055.07829 dZ: 871151673.580 logZ: -871369252.941 logLmax: -217578.17
2025-07-12, 13:18:13 - cpnest.NestedSampling.NestedSampler   : 40: n:  20 NS_acc:0.976 S0_acc:0.636 sub_acc:0.350 H: 4.70 logL -812013398.40493 --> -187307210.86792 dZ: 811795823.712 logZ: -812013403.105 logLmax: -217578.17
2025-07-12, 13:18:13 - cpnest.NestedSampling.NestedSampler   : 41: n:  20 NS_acc:0.976 S0_acc:0.633 sub_acc:0.250 H: 4.73 logL -663370876.61604 --> -168429426.16470 dZ: 663153301.924 logZ: -663370881.347 logLmax: -217578.17
2025-07-12, 13:18:13 - cpnest.NestedSampling.NestedSampler   : 42: n:  20 NS_acc:0.977 S0_acc:0.630 sub_acc:0.350 H: 4.76 logL -597719683.03399 --> -257784758.24085 dZ: 597502108.342 logZ: -597719687.797 logLmax: -217578.17
2025-07-12, 13:18:13 - cpnest.NestedSampling.NestedSampler   : 43: n:  20 NS_acc:0.977 S0_acc:0.626 sub_acc:0.350 H: 4.79 logL -582810597.95982 --> -239071647.49835 dZ: 582593023.267 logZ: -582810602.754 logLmax: -217578.17
2025-07-12, 13:18:13 - cpnest.NestedSampling.NestedSampler   : 44: n:  20 NS_acc:0.978 S0_acc:0.623 sub_acc:0.250 H: 4.83 logL -566778907.29995 --> -71292202.83085 dZ: 566561332.608 logZ: -566778912.125 logLmax: -217578.17
2025-07-12, 13:18:13 - cpnest.NestedSampling.NestedSampler   : 45: n:  20 NS_acc:0.978 S0_acc:0.621 sub_acc:0.400 H: 4.86 logL -528999251.98674 --> -20906689.45066 dZ: 528781677.294 logZ: -528999256.843 logLmax: -217578.17
2025-07-12, 13:18:13 - cpnest.NestedSampling.NestedSampler   : 46: n:  20 NS_acc:0.979 S0_acc:0.618 sub_acc:0.100 H: 4.89 logL -519486853.29824 --> -177825743.41872 dZ: 519269278.606 logZ: -519486858.186 logLmax: -217578.17
2025-07-12, 13:18:13 - cpnest.NestedSampling.NestedSampler   : 47: n:  30 NS_acc:0.979 S0_acc:0.612 sub_acc:0.033 H: 4.92 logL -510175334.38245 --> -450418642.22656 dZ: 509957759.690 logZ: -510175339.301 logLmax: -217578.17
2025-07-12, 13:18:13 - cpnest.NestedSampling.NestedSampler   : 48: n:  20 NS_acc:0.980 S0_acc:0.608 sub_acc:0.150 H: 4.95 logL -500601213.39753 --> -88245692.60134 dZ: 500383638.705 logZ: -500601218.348 logLmax: -217578.17
2025-07-12, 13:18:13 - cpnest.sampler.Sampler                : Sampler 3742438 -- ACL(phi_mrg_22)  = 10.949927464395365
2025-07-12, 13:18:13 - cpnest.NestedSampling.NestedSampler   : 49: n:  20 NS_acc:0.980 S0_acc:0.607 sub_acc:0.350 H: 4.98 logL -450418642.22656 --> -202607487.54876 dZ: 450201067.534 logZ: -450418647.208 logLmax: -217578.17
2025-07-12, 13:18:13 - cpnest.NestedSampling.NestedSampler   : 50: n:  20 NS_acc:0.980 S0_acc:0.601 sub_acc:0.250 H: 5.01 logL -440814042.85144 --> -38223296.94583 dZ: 440596468.159 logZ: -440814047.864 logLmax: -217578.17
2025-07-12, 13:18:13 - cpnest.NestedSampling.NestedSampler   : 51: n:  20 NS_acc:0.981 S0_acc:0.599 sub_acc:0.350 H: 5.04 logL -388748734.02755 --> -263151507.00698 dZ: 388531159.335 logZ: -388748739.071 logLmax: -217578.17
2025-07-12, 13:18:13 - cpnest.NestedSampling.NestedSampler   : 52: n:  20 NS_acc:0.981 S0_acc:0.598 sub_acc:0.500 H: 5.08 logL -348353326.66214 --> -101442246.52403 dZ: 348135751.970 logZ: -348353331.737 logLmax: -217578.17
2025-07-12, 13:18:13 - cpnest.NestedSampling.NestedSampler   : 53: n:  20 NS_acc:0.981 S0_acc:0.594 sub_acc:0.350 H: 5.11 logL -340600914.23239 --> -269974637.28901 dZ: 340383339.540 logZ: -340600919.339 logLmax: -217578.17
2025-07-12, 13:18:13 - cpnest.NestedSampling.NestedSampler   : 54: n:  20 NS_acc:0.982 S0_acc:0.591 sub_acc:0.250 H: 5.14 logL -269974637.28901 --> -3514670.41736 dZ: 269757062.597 logZ: -269974642.427 logLmax: -217578.17
2025-07-12, 13:18:13 - cpnest.NestedSampling.NestedSampler   : 55: n:  20 NS_acc:0.982 S0_acc:0.589 sub_acc:0.400 H: 5.17 logL -263151507.00698 --> -149410774.96425 dZ: 262933932.315 logZ: -263151512.176 logLmax: -217578.17
2025-07-12, 13:18:13 - cpnest.NestedSampling.NestedSampler   : 56: n:  20 NS_acc:0.982 S0_acc:0.586 sub_acc:0.150 H: 5.20 logL -257784758.24085 --> -132573565.62713 dZ: 257567183.548 logZ: -257784763.441 logLmax: -217578.17
2025-07-12, 13:18:13 - cpnest.NestedSampling.NestedSampler   : 57: n:  20 NS_acc:0.983 S0_acc:0.583 sub_acc:0.350 H: 5.23 logL -239071647.49835 --> -82549568.16405 dZ: 238854072.806 logZ: -239071652.730 logLmax: -217578.17
2025-07-12, 13:18:13 - cpnest.NestedSampling.NestedSampler   : 58: n:  20 NS_acc:0.983 S0_acc:0.579 sub_acc:0.200 H: 5.26 logL -233291445.04288 --> -104255209.70101 dZ: 233073870.350 logZ: -233291450.305 logLmax: -217578.17
2025-07-12, 13:18:14 - cpnest.NestedSampling.NestedSampler   : 59: n:  20 NS_acc:0.983 S0_acc:0.576 sub_acc:0.300 H: 5.29 logL -214096720.88080 --> -14831490.54480 dZ: 213879146.188 logZ: -214096726.175 logLmax: -217578.17
2025-07-12, 13:18:14 - cpnest.NestedSampling.NestedSampler   : 60: n:  20 NS_acc:0.984 S0_acc:0.572 sub_acc:0.350 H: 5.33 logL -202607487.54876 --> -114462327.43913 dZ: 202389912.856 logZ: -202607492.874 logLmax: -217578.17
2025-07-12, 13:18:14 - cpnest.NestedSampling.NestedSampler   : 61: n:  20 NS_acc:0.984 S0_acc:0.569 sub_acc:0.100 H: 5.36 logL -187307210.86792 --> -18194223.88200 dZ: 187089636.175 logZ: -187307216.224 logLmax: -217578.17
2025-07-12, 13:18:14 - cpnest.NestedSampling.NestedSampler   : 62: n:  20 NS_acc:0.984 S0_acc:0.567 sub_acc:0.350 H: 5.39 logL -179246130.49634 --> -10192685.18608 dZ: 179028555.804 logZ: -179246135.884 logLmax: -217578.17
2025-07-12, 13:18:14 - cpnest.NestedSampling.NestedSampler   : 63: n:  20 NS_acc:0.984 S0_acc:0.563 sub_acc:0.250 H: 5.42 logL -177825743.41872 --> -150420112.04645 dZ: 177608168.726 logZ: -177825748.838 logLmax: -217578.17
2025-07-12, 13:18:14 - cpnest.NestedSampling.NestedSampler   : 64: n:  20 NS_acc:0.985 S0_acc:0.562 sub_acc:0.500 H: 5.45 logL -168429426.16470 --> -6827747.90740 dZ: 168211851.472 logZ: -168429431.615 logLmax: -217578.17
2025-07-12, 13:18:14 - cpnest.NestedSampling.NestedSampler   : Rolling KS test: D=0.149, p-value=0.433
2025-07-12, 13:18:14 - cpnest.sampler.Sampler                : Sampler 3742438 -- ACL(phi_mrg_22)  = 23.831404040930185
2025-07-12, 13:18:14 - cpnest.NestedSampling.NestedSampler   : 65: n:  23 NS_acc:0.985 S0_acc:0.559 sub_acc:0.130 H: 5.48 logL -150420112.04645 --> -85453447.39912 dZ: 150202537.354 logZ: -150420117.528 logLmax: -217578.17
2025-07-12, 13:18:14 - cpnest.NestedSampling.NestedSampler   : 66: n:  23 NS_acc:0.985 S0_acc:0.557 sub_acc:0.304 H: 5.51 logL -149410774.96425 --> -74038028.68954 dZ: 149193200.272 logZ: -149410780.477 logLmax: -217578.17
2025-07-12, 13:18:14 - cpnest.NestedSampling.NestedSampler   : 67: n:  23 NS_acc:0.985 S0_acc:0.553 sub_acc:0.217 H: 5.54 logL -138045767.20435 --> -37773748.31050 dZ: 137828192.512 logZ: -138045772.748 logLmax: -217578.17
2025-07-12, 13:18:14 - cpnest.NestedSampling.NestedSampler   : 68: n:  32 NS_acc:0.986 S0_acc:0.548 sub_acc:0.031 H: 5.58 logL -136931119.15282 --> -43683239.22661 dZ: 136713544.460 logZ: -136931124.728 logLmax: -217578.17
2025-07-12, 13:18:14 - cpnest.NestedSampling.NestedSampler   : 69: n:  23 NS_acc:0.986 S0_acc:0.545 sub_acc:0.217 H: 5.61 logL -132573565.62713 --> -18723752.67895 dZ: 132355990.935 logZ: -132573571.233 logLmax: -217578.17
2025-07-12, 13:18:14 - cpnest.NestedSampling.NestedSampler   : 70: n:  23 NS_acc:0.986 S0_acc:0.543 sub_acc:0.348 H: 5.64 logL -131931335.49089 --> -28903531.41665 dZ: 131713760.798 logZ: -131931341.128 logLmax: -217578.17
2025-07-12, 13:18:14 - cpnest.NestedSampling.NestedSampler   : 71: n:  23 NS_acc:0.986 S0_acc:0.541 sub_acc:0.391 H: 5.67 logL -128226446.70812 --> -121148591.46231 dZ: 128008872.016 logZ: -128226452.377 logLmax: -217578.17
2025-07-12, 13:18:14 - cpnest.NestedSampling.NestedSampler   : 72: n:  23 NS_acc:0.986 S0_acc:0.539 sub_acc:0.304 H: 5.70 logL -125094689.24512 --> -18401353.06131 dZ: 124877114.553 logZ: -125094694.945 logLmax: -217578.17
2025-07-12, 13:18:14 - cpnest.NestedSampling.NestedSampler   : 73: n:  23 NS_acc:0.986 S0_acc:0.537 sub_acc:0.478 H: 5.73 logL -121148591.46231 --> -58480195.31887 dZ: 120931016.770 logZ: -121148597.194 logLmax: -217578.17
2025-07-12, 13:18:14 - cpnest.NestedSampling.NestedSampler   : 74: n:  23 NS_acc:0.987 S0_acc:0.536 sub_acc:0.261 H: 5.76 logL -114462327.43913 --> -7354970.85759 dZ: 114244752.747 logZ: -114462333.202 logLmax: -217578.17
2025-07-12, 13:18:14 - cpnest.NestedSampling.NestedSampler   : 75: n:  23 NS_acc:0.987 S0_acc:0.533 sub_acc:0.174 H: 5.79 logL -104255209.70101 --> -4643743.72468 dZ: 104037635.009 logZ: -104255215.495 logLmax: -217578.17
2025-07-12, 13:18:14 - cpnest.NestedSampling.NestedSampler   : 76: n:  23 NS_acc:0.987 S0_acc:0.532 sub_acc:0.391 H: 5.83 logL -101442246.52403 --> -65325227.66126 dZ: 101224671.832 logZ: -101442252.349 logLmax: -217578.17
2025-07-12, 13:18:14 - cpnest.NestedSampling.NestedSampler   : 77: n:  23 NS_acc:0.987 S0_acc:0.531 sub_acc:0.565 H: 5.86 logL -101228412.03858 --> -11964382.91043 dZ: 101010837.346 logZ: -101228417.895 logLmax: -217578.17
2025-07-12, 13:18:14 - cpnest.NestedSampling.NestedSampler   : 78: n:  23 NS_acc:0.987 S0_acc:0.530 sub_acc:0.261 H: 5.89 logL -88245692.60134 --> -5300412.06036 dZ: 88028117.909 logZ: -88245698.489 logLmax: -217578.17
2025-07-12, 13:18:14 - cpnest.NestedSampling.NestedSampler   : 79: n:  23 NS_acc:0.988 S0_acc:0.528 sub_acc:0.348 H: 5.92 logL -87083263.69217 --> -247707.68087 dZ: 86865689.000 logZ: -87083269.611 logLmax: -217578.17
2025-07-12, 13:18:14 - cpnest.NestedSampling.NestedSampler   : 80: n:  23 NS_acc:0.988 S0_acc:0.526 sub_acc:0.391 H: 5.95 logL -85453447.39912 --> -1143145.06375 dZ: 85235872.707 logZ: -85453453.349 logLmax: -217578.17
2025-07-12, 13:18:14 - cpnest.sampler.Sampler                : Sampler 3742438 -- ACL(phi_mrg_22)  = 8.473760085623928
2025-07-12, 13:18:14 - cpnest.NestedSampling.NestedSampler   : 81: n:  20 NS_acc:0.988 S0_acc:0.524 sub_acc:0.250 H: 5.98 logL -84851822.00513 --> -68740360.20142 dZ: 84634247.313 logZ: -84851827.986 logLmax: -217578.17
2025-07-12, 13:18:14 - cpnest.NestedSampling.NestedSampler   : 82: n:  20 NS_acc:0.988 S0_acc:0.523 sub_acc:0.700 H: 6.01 logL -82549568.16405 --> -7953221.63488 dZ: 82331993.472 logZ: -82549574.177 logLmax: -217578.17
2025-07-12, 13:18:14 - cpnest.NestedSampling.NestedSampler   : 83: n:  20 NS_acc:0.988 S0_acc:0.521 sub_acc:0.300 H: 6.04 logL -76489401.37205 --> -19049348.27838 dZ: 76271826.680 logZ: -76489407.416 logLmax: -217578.17
2025-07-12, 13:18:14 - cpnest.NestedSampling.NestedSampler   : 84: n:  20 NS_acc:0.988 S0_acc:0.520 sub_acc:0.300 H: 6.08 logL -74038028.68954 --> -15388116.45106 dZ: 73820453.997 logZ: -74038034.765 logLmax: -217578.17
2025-07-12, 13:18:14 - cpnest.NestedSampling.NestedSampler   : 85: n:  20 NS_acc:0.988 S0_acc:0.519 sub_acc:0.400 H: 6.11 logL -71292202.83085 --> -27368680.59172 dZ: 71074628.138 logZ: -71292208.937 logLmax: -217578.17
2025-07-12, 13:18:14 - cpnest.NestedSampling.NestedSampler   : 86: n:  20 NS_acc:0.989 S0_acc:0.518 sub_acc:0.400 H: 6.14 logL -68740360.20142 --> -12390846.54069 dZ: 68522785.509 logZ: -68740366.339 logLmax: -217578.17
2025-07-12, 13:18:14 - cpnest.NestedSampling.NestedSampler   : 87: n:  20 NS_acc:0.989 S0_acc:0.517 sub_acc:0.450 H: 6.17 logL -65325227.66126 --> -448692.34558 dZ: 65107652.969 logZ: -65325233.830 logLmax: -217578.17
2025-07-12, 13:18:14 - cpnest.NestedSampling.NestedSampler   : 88: n:  20 NS_acc:0.989 S0_acc:0.516 sub_acc:0.500 H: 6.20 logL -60324458.20813 --> -2382350.03810 dZ: 60106883.516 logZ: -60324464.408 logLmax: -217578.17
2025-07-12, 13:18:14 - cpnest.NestedSampling.NestedSampler   : 89: n:  20 NS_acc:0.989 S0_acc:0.515 sub_acc:0.350 H: 6.23 logL -58480195.31887 --> -20244154.18895 dZ: 58262620.626 logZ: -58480201.550 logLmax: -217578.17
2025-07-12, 13:18:15 - cpnest.NestedSampling.NestedSampler   : 90: n:  20 NS_acc:0.989 S0_acc:0.514 sub_acc:0.200 H: 6.26 logL -53227544.43187 --> -28668308.54904 dZ: 53009969.739 logZ: -53227550.694 logLmax: -217578.17
2025-07-12, 13:18:15 - cpnest.NestedSampling.NestedSampler   : 91: n:  20 NS_acc:0.989 S0_acc:0.513 sub_acc:0.500 H: 6.29 logL -43683239.22661 --> -17520619.64025 dZ: 43465664.534 logZ: -43683245.520 logLmax: -217578.17
2025-07-12, 13:18:15 - cpnest.NestedSampling.NestedSampler   : 92: n:  40 NS_acc:0.979 S0_acc:0.508 sub_acc:0.400 H: 6.33 logL -38223296.94583 --> -7607210.46602 dZ: 38005722.253 logZ: -38223303.271 logLmax: -217578.17
2025-07-12, 13:18:15 - cpnest.NestedSampling.NestedSampler   : 93: n:  20 NS_acc:0.979 S0_acc:0.506 sub_acc:0.200 H: 6.36 logL -37795064.74242 --> -613709.70216 dZ: 37577490.050 logZ: -37795071.099 logLmax: -217578.17
2025-07-12, 13:18:15 - cpnest.NestedSampling.NestedSampler   : 94: n:  20 NS_acc:0.979 S0_acc:0.504 sub_acc:0.450 H: 6.39 logL -37773748.31050 --> -8719589.24331 dZ: 37556173.618 logZ: -37773754.698 logLmax: -217578.17
2025-07-12, 13:18:15 - cpnest.NestedSampling.NestedSampler   : 95: n:  20 NS_acc:0.979 S0_acc:0.504 sub_acc:0.450 H: 6.42 logL -35799783.17460 --> -588233.43400 dZ: 35582208.482 logZ: -35799789.593 logLmax: -217578.17
2025-07-12, 13:18:15 - cpnest.sampler.Sampler                : Sampler 3742438 -- ACL(phi_mrg_22)  = 11.965402849402125
2025-07-12, 13:18:15 - cpnest.NestedSampling.NestedSampler   : 96: n:  20 NS_acc:0.980 S0_acc:0.503 sub_acc:0.500 H: 6.45 logL -28903531.41665 --> -223263.45004 dZ: 28685956.724 logZ: -28903537.867 logLmax: -217578.17
2025-07-12, 13:18:15 - cpnest.NestedSampling.NestedSampler   : Rolling KS test: D=0.232, p-value=0.0538
2025-07-12, 13:18:15 - cpnest.NestedSampling.NestedSampler   : 97: n:  20 NS_acc:0.980 S0_acc:0.502 sub_acc:0.600 H: 6.48 logL -28668308.54904 --> -4836526.63738 dZ: 28450733.857 logZ: -28668315.030 logLmax: -217578.17
2025-07-12, 13:18:15 - cpnest.NestedSampling.NestedSampler   : 98: n:  20 NS_acc:0.980 S0_acc:0.501 sub_acc:0.600 H: 6.51 logL -27368680.59172 --> -8388685.88964 dZ: 27151105.899 logZ: -27368687.104 logLmax: -217578.17
2025-07-12, 13:18:15 - cpnest.NestedSampling.NestedSampler   : 99: n:  20 NS_acc:0.980 S0_acc:0.499 sub_acc:0.300 H: 6.54 logL -25105055.07829 --> -20022776.47750 dZ: 24887480.386 logZ: -25105061.622 logLmax: -217578.17
2025-07-12, 13:18:15 - cpnest.NestedSampling.NestedSampler   : 100: n:  20 NS_acc:0.980 S0_acc:0.498 sub_acc:0.200 H: 6.58 logL -20906689.45066 --> -17924534.08189 dZ: 20689114.758 logZ: -20906696.026 logLmax: -217578.17
2025-07-12, 13:18:15 - cpnest.NestedSampling.NestedSampler   : 101: n:  20 NS_acc:0.981 S0_acc:0.497 sub_acc:0.200 H: 6.61 logL -20244154.18895 --> -6777539.49430 dZ: 20026579.497 logZ: -20244160.795 logLmax: -217578.17
2025-07-12, 13:18:15 - cpnest.NestedSampling.NestedSampler   : 102: n:  20 NS_acc:0.981 S0_acc:0.495 sub_acc:0.250 H: 6.64 logL -20022776.47750 --> -1994100.75307 dZ: 19805201.785 logZ: -20022783.115 logLmax: -217578.17
2025-07-12, 13:18:15 - cpnest.NestedSampling.NestedSampler   : 103: n:  20 NS_acc:0.981 S0_acc:0.495 sub_acc:0.500 H: 6.67 logL -19049348.27838 --> -17947403.25801 dZ: 18831773.586 logZ: -19049354.947 logLmax: -217578.17
2025-07-12, 13:18:15 - cpnest.NestedSampling.NestedSampler   : 104: n:  20 NS_acc:0.981 S0_acc:0.494 sub_acc:0.300 H: 6.70 logL -18723752.67895 --> -9668646.02961 dZ: 18506177.987 logZ: -18723759.379 logLmax: -217578.17
2025-07-12, 13:18:15 - cpnest.NestedSampling.NestedSampler   : 105: n:  20 NS_acc:0.981 S0_acc:0.494 sub_acc:0.250 H: 6.73 logL -18401353.06131 --> -4086175.91414 dZ: 18183778.369 logZ: -18401359.793 logLmax: -217578.17
2025-07-12, 13:18:15 - cpnest.NestedSampling.NestedSampler   : 106: n:  20 NS_acc:0.981 S0_acc:0.493 sub_acc:0.200 H: 6.76 logL -18194223.88200 --> -2939111.96557 dZ: 17976649.190 logZ: -18194230.645 logLmax: -217578.17
2025-07-12, 13:18:15 - cpnest.NestedSampling.NestedSampler   : 107: n:  20 NS_acc:0.982 S0_acc:0.493 sub_acc:0.550 H: 6.79 logL -17947403.25801 --> -4268498.74378 dZ: 17729828.566 logZ: -17947410.052 logLmax: -217578.17
2025-07-12, 13:18:15 - cpnest.NestedSampling.NestedSampler   : 108: n:  20 NS_acc:0.982 S0_acc:0.492 sub_acc:0.400 H: 6.83 logL -17924534.08189 --> -256797.98592 dZ: 17706959.389 logZ: -17924540.907 logLmax: -217578.17
2025-07-12, 13:18:15 - cpnest.NestedSampling.NestedSampler   : 109: n:  20 NS_acc:0.982 S0_acc:0.490 sub_acc:0.150 H: 6.86 logL -17520619.64025 --> -949787.94812 dZ: 17303044.948 logZ: -17520626.497 logLmax: -217578.17
2025-07-12, 13:18:15 - cpnest.NestedSampling.NestedSampler   : 110: n:  20 NS_acc:0.982 S0_acc:0.489 sub_acc:0.150 H: 6.89 logL -15388116.45106 --> -11399999.40169 dZ: 15170541.759 logZ: -15388123.339 logLmax: -217578.17
2025-07-12, 13:18:15 - cpnest.NestedSampling.NestedSampler   : 111: n:  20 NS_acc:0.982 S0_acc:0.488 sub_acc:0.300 H: 6.92 logL -14831490.54480 --> -11222352.13631 dZ: 14613915.852 logZ: -14831497.464 logLmax: -217578.17
2025-07-12, 13:18:15 - cpnest.NestedSampling.NestedSampler   : 112: n:  20 NS_acc:0.982 S0_acc:0.488 sub_acc:0.450 H: 6.95 logL -12390846.54069 --> -1873972.51093 dZ: 12173271.848 logZ: -12390853.491 logLmax: -217578.17
2025-07-12, 13:18:15 - cpnest.NestedSampling.NestedSampler   : 113: n:  20 NS_acc:0.983 S0_acc:0.487 sub_acc:0.250 H: 6.98 logL -11964382.91043 --> -1888023.71546 dZ: 11746808.218 logZ: -11964389.892 logLmax: -217578.17
2025-07-12, 13:18:15 - cpnest.NestedSampling.NestedSampler   : 114: n:  20 NS_acc:0.983 S0_acc:0.486 sub_acc:0.200 H: 7.01 logL -11399999.40169 --> -658298.65776 dZ: 11182424.709 logZ: -11400006.414 logLmax: -217578.17
2025-07-12, 13:18:15 - cpnest.sampler.Sampler                : Sampler 3742438 -- ACL(phi_mrg_22)  = 12.517081022069535
2025-07-12, 13:18:15 - cpnest.NestedSampling.NestedSampler   : 115: n:  20 NS_acc:0.983 S0_acc:0.484 sub_acc:0.350 H: 7.04 logL -11222352.13631 --> -5262899.13155 dZ: 11004777.444 logZ: -11222359.180 logLmax: -217578.17
2025-07-12, 13:18:15 - cpnest.NestedSampling.NestedSampler   : 116: n:  20 NS_acc:0.983 S0_acc:0.483 sub_acc:0.350 H: 7.08 logL -10192685.18608 --> -5612731.01125 dZ: 9975110.494 logZ: -10192692.261 logLmax: -217578.17
2025-07-12, 13:18:15 - cpnest.NestedSampling.NestedSampler   : 117: n:  20 NS_acc:0.983 S0_acc:0.481 sub_acc:0.300 H: 7.11 logL -9668646.02961 --> -4765168.35897 dZ: 9451071.337 logZ: -9668653.136 logLmax: -217578.17
2025-07-12, 13:18:15 - cpnest.NestedSampling.NestedSampler   : 118: n:  20 NS_acc:0.983 S0_acc:0.480 sub_acc:0.200 H: 7.14 logL -8719589.24331 --> -3339401.08639 dZ: 8502014.551 logZ: -8719596.381 logLmax: -217578.17
2025-07-12, 13:18:15 - cpnest.NestedSampling.NestedSampler   : 119: n:  20 NS_acc:0.983 S0_acc:0.479 sub_acc:0.500 H: 7.17 logL -8388685.88964 --> -6616085.08695 dZ: 8171111.197 logZ: -8388693.058 logLmax: -217578.17
2025-07-12, 13:18:15 - cpnest.NestedSampling.NestedSampler   : 120: n:  20 NS_acc:0.984 S0_acc:0.478 sub_acc:0.200 H: 7.20 logL -7953221.63488 --> -344804.29788 dZ: 7735646.942 logZ: -7953228.835 logLmax: -217578.17
2025-07-12, 13:18:15 - cpnest.NestedSampling.NestedSampler   : 121: n:  20 NS_acc:0.984 S0_acc:0.476 sub_acc:0.050 H: 7.23 logL -7607210.46602 --> -2398094.19514 dZ: 7389635.774 logZ: -7607217.697 logLmax: -217578.17
2025-07-12, 13:18:15 - cpnest.NestedSampling.NestedSampler   : 122: n:  20 NS_acc:0.984 S0_acc:0.474 sub_acc:0.300 H: 7.26 logL -7354970.85759 --> -1399766.80878 dZ: 7137396.165 logZ: -7354978.120 logLmax: -217578.17
2025-07-12, 13:18:15 - cpnest.NestedSampling.NestedSampler   : 123: n:  20 NS_acc:0.984 S0_acc:0.474 sub_acc:0.250 H: 7.29 logL -6827747.90740 --> -2298888.14422 dZ: 6610173.215 logZ: -6827755.201 logLmax: -217578.17
2025-07-12, 13:18:15 - cpnest.NestedSampling.NestedSampler   : 124: n:  20 NS_acc:0.984 S0_acc:0.473 sub_acc:0.400 H: 7.33 logL -6777539.49430 --> -217638.73822 dZ: 6559964.802 logZ: -6777546.819 logLmax: -217578.17
2025-07-12, 13:18:15 - cpnest.NestedSampling.NestedSampler   : 125: n:  20 NS_acc:0.984 S0_acc:0.472 sub_acc:0.150 H: 7.36 logL -6616085.08695 --> -269486.05808 dZ: 6398510.395 logZ: -6616092.443 logLmax: -217578.17
2025-07-12, 13:18:15 - cpnest.NestedSampling.NestedSampler   : 126: n:  20 NS_acc:0.984 S0_acc:0.470 sub_acc:0.200 H: 7.39 logL -6464527.50954 --> -1068097.34813 dZ: 6246952.817 logZ: -6464534.897 logLmax: -217578.17
2025-07-12, 13:18:15 - cpnest.NestedSampling.NestedSampler   : 127: n:  20 NS_acc:0.984 S0_acc:0.469 sub_acc:0.250 H: 7.42 logL -5612731.01125 --> -4583578.70366 dZ: 5395156.319 logZ: -5612738.430 logLmax: -217578.17
2025-07-12, 13:18:16 - cpnest.NestedSampling.NestedSampler   : 128: n:  20 NS_acc:0.985 S0_acc:0.469 sub_acc:0.350 H: 7.45 logL -5300412.06036 --> -3151570.26414 dZ: 5082837.368 logZ: -5300419.510 logLmax: -217578.17
2025-07-12, 13:18:16 - cpnest.NestedSampling.NestedSampler   : Rolling KS test: D=0.11, p-value=0.795
2025-07-12, 13:18:16 - cpnest.NestedSampling.NestedSampler   : 129: n:  20 NS_acc:0.985 S0_acc:0.468 sub_acc:0.400 H: 7.48 logL -5262899.13155 --> -1856721.48361 dZ: 5045324.439 logZ: -5262906.613 logLmax: -217578.17
2025-07-12, 13:18:16 - cpnest.NestedSampling.NestedSampler   : 130: n:  20 NS_acc:0.985 S0_acc:0.467 sub_acc:0.200 H: 7.51 logL -4836526.63738 --> -2806000.61742 dZ: 4618951.945 logZ: -4836534.150 logLmax: -217436.28
2025-07-12, 13:18:16 - cpnest.sampler.Sampler                : Sampler 3742438 -- ACL(phi_mrg_22)  = 10.187996773863018
2025-07-12, 13:18:16 - cpnest.NestedSampling.NestedSampler   : 131: n:  20 NS_acc:0.985 S0_acc:0.465 sub_acc:0.250 H: 7.54 logL -4765168.35897 --> -816356.82760 dZ: 4547735.560 logZ: -4765175.903 logLmax: -217436.28
2025-07-12, 13:18:16 - cpnest.NestedSampling.NestedSampler   : 132: n:  20 NS_acc:0.985 S0_acc:0.464 sub_acc:0.300 H: 7.58 logL -4643743.72468 --> -1076345.88128 dZ: 4426310.926 logZ: -4643751.300 logLmax: -217436.28
2025-07-12, 13:18:16 - cpnest.NestedSampling.NestedSampler   : 133: n:  20 NS_acc:0.985 S0_acc:0.464 sub_acc:0.300 H: 7.61 logL -4583578.70366 --> -1983919.75996 dZ: 4366145.905 logZ: -4583586.310 logLmax: -217436.28
2025-07-12, 13:18:16 - cpnest.NestedSampling.NestedSampler   : 134: n:  20 NS_acc:0.985 S0_acc:0.462 sub_acc:0.550 H: 7.64 logL -4268498.74378 --> -2112117.95192 dZ: 4051065.945 logZ: -4268506.381 logLmax: -217436.28
2025-07-12, 13:18:16 - cpnest.NestedSampling.NestedSampler   : 135: n:  20 NS_acc:0.985 S0_acc:0.461 sub_acc:0.300 H: 7.67 logL -4086175.91414 --> -1277958.03837 dZ: 3868743.115 logZ: -4086183.583 logLmax: -217436.28
2025-07-12, 13:18:16 - cpnest.NestedSampling.NestedSampler   : 136: n:  20 NS_acc:0.986 S0_acc:0.460 sub_acc:0.100 H: 7.70 logL -3514670.41736 --> -1848674.03693 dZ: 3297237.618 logZ: -3514678.117 logLmax: -217436.28
2025-07-12, 13:18:16 - cpnest.NestedSampling.NestedSampler   : 137: n:  20 NS_acc:0.986 S0_acc:0.459 sub_acc:0.350 H: 7.73 logL -3339401.08639 --> -372369.43011 dZ: 3121968.287 logZ: -3339408.818 logLmax: -217436.28
2025-07-12, 13:18:16 - cpnest.NestedSampling.NestedSampler   : 138: n:  20 NS_acc:0.986 S0_acc:0.458 sub_acc:0.300 H: 7.76 logL -3151570.26414 --> -2620837.89274 dZ: 2934137.465 logZ: -3151578.027 logLmax: -217436.28
2025-07-12, 13:18:16 - cpnest.NestedSampling.NestedSampler   : 139: n:  20 NS_acc:0.986 S0_acc:0.456 sub_acc:0.050 H: 7.79 logL -2939111.96557 --> -1821983.72907 dZ: 2721679.167 logZ: -2939119.759 logLmax: -217436.28
2025-07-12, 13:18:16 - cpnest.NestedSampling.NestedSampler   : 140: n:  20 NS_acc:0.986 S0_acc:0.456 sub_acc:0.400 H: 7.83 logL -2806000.61742 --> -2272156.78278 dZ: 2588567.818 logZ: -2806008.442 logLmax: -217436.28
2025-07-12, 13:18:16 - cpnest.NestedSampling.NestedSampler   : 141: n:  20 NS_acc:0.986 S0_acc:0.455 sub_acc:0.250 H: 7.86 logL -2620837.89274 --> -732535.00679 dZ: 2403405.094 logZ: -2620845.749 logLmax: -217436.28
2025-07-12, 13:18:16 - cpnest.NestedSampling.NestedSampler   : 142: n:  20 NS_acc:0.986 S0_acc:0.453 sub_acc:0.200 H: 7.89 logL -2398094.19514 --> -947453.35901 dZ: 2180661.396 logZ: -2398102.083 logLmax: -217436.28
2025-07-12, 13:18:16 - cpnest.NestedSampling.NestedSampler   : 143: n:  20 NS_acc:0.986 S0_acc:0.452 sub_acc:0.250 H: 7.92 logL -2382350.03810 --> -2185482.75359 dZ: 2164917.239 logZ: -2382357.957 logLmax: -217436.28
2025-07-12, 13:18:16 - cpnest.NestedSampling.NestedSampler   : 144: n:  20 NS_acc:0.986 S0_acc:0.451 sub_acc:0.250 H: 7.95 logL -2298888.14422 --> -227535.91941 dZ: 2081455.345 logZ: -2298896.094 logLmax: -217436.28
2025-07-12, 13:18:16 - cpnest.NestedSampling.NestedSampler   : 145: n:  20 NS_acc:0.986 S0_acc:0.450 sub_acc:0.350 H: 7.98 logL -2272156.78278 --> -345386.87094 dZ: 2054723.984 logZ: -2272164.764 logLmax: -217436.28
2025-07-12, 13:18:16 - cpnest.NestedSampling.NestedSampler   : 146: n:  20 NS_acc:0.986 S0_acc:0.450 sub_acc:0.350 H: 8.01 logL -2185482.75359 --> -217568.15803 dZ: 1968049.955 logZ: -2185490.766 logLmax: -217436.28
2025-07-12, 13:18:16 - cpnest.sampler.Sampler                : Sampler 3742438 -- ACL(phi_mrg_22)  = 8.317092598297553
2025-07-12, 13:18:16 - cpnest.NestedSampling.NestedSampler   : 147: n:  20 NS_acc:0.987 S0_acc:0.448 sub_acc:0.150 H: 8.04 logL -2112117.95192 --> -364535.05693 dZ: 1894685.153 logZ: -2112125.996 logLmax: -217436.28
2025-07-12, 13:18:16 - cpnest.NestedSampling.NestedSampler   : 148: n:  20 NS_acc:0.987 S0_acc:0.448 sub_acc:0.500 H: 8.08 logL -1994100.75307 --> -1612590.10511 dZ: 1776667.954 logZ: -1994108.828 logLmax: -217436.28
2025-07-12, 13:18:16 - cpnest.NestedSampling.NestedSampler   : 149: n:  20 NS_acc:0.987 S0_acc:0.448 sub_acc:0.500 H: 8.11 logL -1983919.75996 --> -665180.41928 dZ: 1766486.961 logZ: -1983927.866 logLmax: -217436.28
2025-07-12, 13:18:16 - cpnest.NestedSampling.NestedSampler   : 150: n:  20 NS_acc:0.987 S0_acc:0.448 sub_acc:0.450 H: 8.14 logL -1888023.71546 --> -349223.80797 dZ: 1670590.916 logZ: -1888031.853 logLmax: -217436.28
2025-07-12, 13:18:16 - cpnest.NestedSampling.NestedSampler   : 151: n:  20 NS_acc:0.987 S0_acc:0.448 sub_acc:0.450 H: 8.17 logL -1873972.51093 --> -239072.55682 dZ: 1656539.712 logZ: -1873980.680 logLmax: -217436.28
2025-07-12, 13:18:16 - cpnest.NestedSampling.NestedSampler   : 152: n:  20 NS_acc:0.987 S0_acc:0.448 sub_acc:0.400 H: 8.20 logL -1856721.48361 --> -246577.28443 dZ: 1639288.685 logZ: -1856729.684 logLmax: -217436.28
2025-07-12, 13:18:16 - cpnest.NestedSampling.NestedSampler   : 153: n:  20 NS_acc:0.987 S0_acc:0.448 sub_acc:0.550 H: 8.23 logL -1848674.03693 --> -1290157.02607 dZ: 1631241.238 logZ: -1848682.268 logLmax: -217436.28
2025-07-12, 13:18:16 - cpnest.NestedSampling.NestedSampler   : 154: n:  20 NS_acc:0.987 S0_acc:0.448 sub_acc:0.350 H: 8.26 logL -1821983.72907 --> -710506.53174 dZ: 1604550.930 logZ: -1821991.992 logLmax: -217436.28
2025-07-12, 13:18:16 - cpnest.NestedSampling.NestedSampler   : 155: n:  20 NS_acc:0.987 S0_acc:0.448 sub_acc:0.250 H: 8.29 logL -1612590.10511 --> -543503.91871 dZ: 1395157.306 logZ: -1612598.399 logLmax: -217436.28
2025-07-12, 13:18:16 - cpnest.NestedSampling.NestedSampler   : 156: n:  20 NS_acc:0.987 S0_acc:0.448 sub_acc:0.700 H: 8.33 logL -1551876.99304 --> -693774.54943 dZ: 1334444.194 logZ: -1551885.318 logLmax: -217436.28
2025-07-12, 13:18:16 - cpnest.NestedSampling.NestedSampler   : 157: n:  20 NS_acc:0.987 S0_acc:0.447 sub_acc:0.400 H: 8.36 logL -1399766.80878 --> -1311158.16197 dZ: 1182334.010 logZ: -1399775.165 logLmax: -217436.28
2025-07-12, 13:18:16 - cpnest.NestedSampling.NestedSampler   : 158: n:  20 NS_acc:0.988 S0_acc:0.447 sub_acc:0.350 H: 8.39 logL -1311158.16197 --> -228989.40250 dZ: 1093725.363 logZ: -1311166.550 logLmax: -217436.28
2025-07-12, 13:18:16 - cpnest.NestedSampling.NestedSampler   : 159: n:  20 NS_acc:0.988 S0_acc:0.447 sub_acc:0.350 H: 8.42 logL -1290157.02607 --> -295207.44906 dZ: 1072724.227 logZ: -1290165.445 logLmax: -217436.28
2025-07-12, 13:18:16 - cpnest.NestedSampling.NestedSampler   : 160: n:  20 NS_acc:0.988 S0_acc:0.446 sub_acc:0.150 H: 8.45 logL -1277958.03837 --> -478386.06647 dZ: 1060525.239 logZ: -1277966.488 logLmax: -217436.28
2025-07-12, 13:18:16 - cpnest.NestedSampling.NestedSampler   : Rolling KS test: D=0.105, p-value=0.838
2025-07-12, 13:18:16 - cpnest.NestedSampling.NestedSampler   : 161: n:  20 NS_acc:0.988 S0_acc:0.446 sub_acc:0.500 H: 8.48 logL -1143145.06375 --> -259577.93545 dZ: 925712.265 logZ: -1143153.545 logLmax: -217436.28
2025-07-12, 13:18:16 - cpnest.NestedSampling.NestedSampler   : 162: n:  20 NS_acc:0.988 S0_acc:0.445 sub_acc:0.450 H: 8.51 logL -1076345.88128 --> -1060264.80548 dZ: 858913.082 logZ: -1076354.394 logLmax: -217436.28
2025-07-12, 13:18:16 - cpnest.sampler.Sampler                : Sampler 3742438 -- ACL(phi_mrg_22)  = 19.214735172634644
2025-07-12, 13:18:16 - cpnest.NestedSampling.NestedSampler   : 163: n:  20 NS_acc:0.988 S0_acc:0.444 sub_acc:0.400 H: 8.54 logL -1068097.34813 --> -304525.95893 dZ: 850664.549 logZ: -1068105.892 logLmax: -217434.63
2025-07-12, 13:20:23 - cpnest.cpnest.CPNest                  : Running with 1 parallel threads
2025-07-12, 13:20:24 - cpnest.sampler.Sampler                : Sampler process 3743796: saved 32 prior samples in prior_samples_3743796.dat
2025-07-12, 13:20:24 - cpnest.sampler.Sampler                : Sampler 3743796 -- ACL(phi_mrg_22)  = 6.047789943565207
2025-07-12, 13:20:24 - cpnest.sampler.Sampler                : Sampler 3743796 -- ACL(phi_mrg_22)  = 5.539160240787537
2025-07-12, 13:20:24 - cpnest.NestedSampling.NestedSampler   : 1: n:  20 NS_acc:0.500 S0_acc:0.717 sub_acc:0.750 H: 0.00 logL -4289897034.94910 --> -2508957427.74325 dZ: 4289664253.843 logZ: -4289897038.430 logLmax: -232784.59
2025-07-12, 13:20:24 - cpnest.NestedSampling.NestedSampler   : 2: n:  20 NS_acc:0.667 S0_acc:0.716 sub_acc:0.700 H: 3.51 logL -4268227851.51983 --> -506630699.38076 dZ: 4267995070.413 logZ: -4268227855.032 logLmax: -232784.59
2025-07-12, 13:20:24 - cpnest.NestedSampling.NestedSampler   : 3: n:  20 NS_acc:0.750 S0_acc:0.716 sub_acc:0.550 H: 3.54 logL -4260229086.47826 --> -3377407.77386 dZ: 4259996305.372 logZ: -4260229090.022 logLmax: -232784.59
2025-07-12, 13:20:24 - cpnest.NestedSampling.NestedSampler   : 4: n:  20 NS_acc:0.800 S0_acc:0.716 sub_acc:0.650 H: 3.58 logL -4233768141.15147 --> -474374876.70179 dZ: 4233535360.045 logZ: -4233768144.727 logLmax: -232784.59
2025-07-12, 13:20:24 - cpnest.NestedSampling.NestedSampler   : 5: n:  20 NS_acc:0.833 S0_acc:0.718 sub_acc:0.800 H: 3.61 logL -4208056442.70566 --> -3395915575.11776 dZ: 4207823661.599 logZ: -4208056446.312 logLmax: -232784.59
2025-07-12, 13:20:24 - cpnest.NestedSampling.NestedSampler   : 6: n:  20 NS_acc:0.857 S0_acc:0.717 sub_acc:0.600 H: 3.64 logL -4170083588.97506 --> -51072851.90287 dZ: 4169850807.869 logZ: -4170083592.613 logLmax: -232784.59
2025-07-12, 13:20:24 - cpnest.NestedSampling.NestedSampler   : 7: n:  20 NS_acc:0.875 S0_acc:0.716 sub_acc:0.750 H: 3.67 logL -4154267064.68881 --> -1705055995.81695 dZ: 4154034283.582 logZ: -4154267068.358 logLmax: -232784.59
2025-07-12, 13:20:24 - cpnest.NestedSampling.NestedSampler   : 8: n:  20 NS_acc:0.889 S0_acc:0.717 sub_acc:0.750 H: 3.70 logL -4017991433.71059 --> -581239066.38727 dZ: 4017758652.604 logZ: -4017991437.411 logLmax: -221967.38
2025-07-12, 13:20:24 - cpnest.NestedSampling.NestedSampler   : 9: n:  20 NS_acc:0.900 S0_acc:0.717 sub_acc:0.700 H: 3.73 logL -3972163518.68671 --> -78396101.04564 dZ: 3971941554.788 logZ: -3972163522.418 logLmax: -221967.38
2025-07-12, 13:20:24 - cpnest.NestedSampling.NestedSampler   : 10: n:  20 NS_acc:0.909 S0_acc:0.717 sub_acc:0.800 H: 3.76 logL -3809587615.23362 --> -1959697040.21368 dZ: 3809365651.335 logZ: -3809587618.996 logLmax: -221967.38
2025-07-12, 13:20:24 - cpnest.NestedSampling.NestedSampler   : 11: n:  20 NS_acc:0.917 S0_acc:0.714 sub_acc:0.700 H: 3.79 logL -3807503460.51987 --> -1216986776.02708 dZ: 3807281496.622 logZ: -3807503464.314 logLmax: -221967.38
2025-07-12, 13:20:24 - cpnest.NestedSampling.NestedSampler   : 12: n:  20 NS_acc:0.923 S0_acc:0.713 sub_acc:0.700 H: 3.83 logL -3562400687.07319 --> -1940794578.49907 dZ: 3562178723.175 logZ: -3562400690.898 logLmax: -221967.38
2025-07-12, 13:20:24 - cpnest.NestedSampling.NestedSampler   : 13: n:  20 NS_acc:0.929 S0_acc:0.711 sub_acc:0.500 H: 3.86 logL -3542329687.64454 --> -2686477102.41581 dZ: 3542107723.746 logZ: -3542329691.501 logLmax: -221967.38
2025-07-12, 13:20:24 - cpnest.NestedSampling.NestedSampler   : 14: n:  20 NS_acc:0.933 S0_acc:0.707 sub_acc:0.350 H: 3.89 logL -3395915575.11776 --> -3013528344.58351 dZ: 3395693611.220 logZ: -3395915579.005 logLmax: -221967.38
2025-07-12, 13:20:24 - cpnest.NestedSampling.NestedSampler   : 15: n:  20 NS_acc:0.938 S0_acc:0.706 sub_acc:0.550 H: 3.92 logL -3136751894.31423 --> -2264918124.83449 dZ: 3136529930.416 logZ: -3136751898.233 logLmax: -221967.38
2025-07-12, 13:20:24 - cpnest.NestedSampling.NestedSampler   : 16: n:  20 NS_acc:0.941 S0_acc:0.702 sub_acc:0.600 H: 3.95 logL -3013528344.58351 --> -229827440.59171 dZ: 3013306380.685 logZ: -3013528348.534 logLmax: -221967.38
2025-07-12, 13:20:24 - cpnest.sampler.Sampler                : Sampler 3743796 -- ACL(phi_mrg_22)  = 7.354233674314546
2025-07-12, 13:20:24 - cpnest.NestedSampling.NestedSampler   : 17: n:  20 NS_acc:0.944 S0_acc:0.701 sub_acc:0.550 H: 3.98 logL -2686477102.41581 --> -21394151.09700 dZ: 2686255138.518 logZ: -2686477106.397 logLmax: -221967.38
2025-07-12, 13:20:24 - cpnest.NestedSampling.NestedSampler   : 18: n:  20 NS_acc:0.947 S0_acc:0.697 sub_acc:0.600 H: 4.01 logL -2508957427.74325 --> -808967606.13507 dZ: 2508735463.845 logZ: -2508957431.756 logLmax: -221967.38
2025-07-12, 13:20:24 - cpnest.NestedSampling.NestedSampler   : 19: n:  20 NS_acc:0.950 S0_acc:0.694 sub_acc:0.600 H: 4.04 logL -2454681906.95207 --> -273389688.38683 dZ: 2454459943.054 logZ: -2454681910.996 logLmax: -221967.38
2025-07-12, 13:20:24 - cpnest.NestedSampling.NestedSampler   : 20: n:  20 NS_acc:0.952 S0_acc:0.691 sub_acc:0.450 H: 4.08 logL -2264918124.83449 --> -1925954528.81643 dZ: 2264696160.936 logZ: -2264918128.910 logLmax: -221967.38
2025-07-12, 13:20:24 - cpnest.NestedSampling.NestedSampler   : 21: n:  20 NS_acc:0.955 S0_acc:0.687 sub_acc:0.350 H: 4.11 logL -2234251177.21924 --> -3726976.45204 dZ: 2234029213.321 logZ: -2234251181.326 logLmax: -221967.38
2025-07-12, 13:20:24 - cpnest.NestedSampling.NestedSampler   : 22: n:  20 NS_acc:0.957 S0_acc:0.683 sub_acc:0.250 H: 4.14 logL -2010863550.17436 --> -652117171.45860 dZ: 2010641586.276 logZ: -2010863554.312 logLmax: -221967.38
2025-07-12, 13:20:24 - cpnest.NestedSampling.NestedSampler   : 23: n:  20 NS_acc:0.958 S0_acc:0.680 sub_acc:0.500 H: 4.17 logL -1959697040.21368 --> -284398231.14031 dZ: 1959475076.315 logZ: -1959697044.383 logLmax: -221967.38
2025-07-12, 13:20:24 - cpnest.NestedSampling.NestedSampler   : 24: n:  20 NS_acc:0.960 S0_acc:0.680 sub_acc:0.700 H: 4.20 logL -1940794578.49907 --> -105937005.71596 dZ: 1940572614.601 logZ: -1940794582.699 logLmax: -221967.38
2025-07-12, 13:20:24 - cpnest.NestedSampling.NestedSampler   : 25: n:  20 NS_acc:0.962 S0_acc:0.678 sub_acc:0.450 H: 4.23 logL -1925954528.81643 --> -1570544106.72931 dZ: 1925732564.918 logZ: -1925954533.048 logLmax: -221967.38
2025-07-12, 13:20:24 - cpnest.NestedSampling.NestedSampler   : 26: n:  20 NS_acc:0.963 S0_acc:0.675 sub_acc:0.500 H: 4.26 logL -1705055995.81695 --> -1178186795.00965 dZ: 1704834031.919 logZ: -1705056000.080 logLmax: -221967.38
2025-07-12, 13:20:24 - cpnest.NestedSampling.NestedSampler   : 27: n:  20 NS_acc:0.964 S0_acc:0.672 sub_acc:0.600 H: 4.29 logL -1644584070.24903 --> -188981534.73972 dZ: 1644362106.351 logZ: -1644584074.543 logLmax: -221967.38
2025-07-12, 13:20:24 - cpnest.NestedSampling.NestedSampler   : 28: n:  20 NS_acc:0.966 S0_acc:0.669 sub_acc:0.300 H: 4.33 logL -1570544106.72931 --> -1803893.23113 dZ: 1570322142.831 logZ: -1570544111.054 logLmax: -221967.38
2025-07-12, 13:20:24 - cpnest.NestedSampling.NestedSampler   : 29: n:  20 NS_acc:0.967 S0_acc:0.666 sub_acc:0.600 H: 4.36 logL -1556301287.62243 --> -979612232.37480 dZ: 1556079323.724 logZ: -1556301291.979 logLmax: -221967.38
2025-07-12, 13:20:24 - cpnest.NestedSampling.NestedSampler   : 30: n:  20 NS_acc:0.968 S0_acc:0.663 sub_acc:0.350 H: 4.39 logL -1481323684.82857 --> -216874674.94979 dZ: 1481101720.930 logZ: -1481323689.216 logLmax: -221967.38
2025-07-12, 13:20:24 - cpnest.NestedSampling.NestedSampler   : 31: n:  20 NS_acc:0.969 S0_acc:0.662 sub_acc:0.400 H: 4.42 logL -1439961368.11895 --> -1438979527.27200 dZ: 1439739404.221 logZ: -1439961372.538 logLmax: -221967.38
2025-07-12, 13:20:24 - cpnest.NestedSampling.NestedSampler   : 32: n:  20 NS_acc:0.970 S0_acc:0.660 sub_acc:0.600 H: 4.45 logL -1438979527.27200 --> -1156333406.65715 dZ: 1438757563.374 logZ: -1438979531.722 logLmax: -221967.38
2025-07-12, 13:20:24 - cpnest.NestedSampling.NestedSampler   : Rolling KS test: D=0.121, p-value=0.692
2025-07-12, 13:20:24 - cpnest.sampler.Sampler                : Sampler 3743796 -- ACL(phi_mrg_22)  = 6.290219936627987
2025-07-12, 13:20:24 - cpnest.NestedSampling.NestedSampler   : 33: n:  20 NS_acc:0.971 S0_acc:0.656 sub_acc:0.250 H: 4.48 logL -1216986776.02708 --> -172122533.54854 dZ: 1216764812.129 logZ: -1216986780.508 logLmax: -221967.38
2025-07-12, 13:20:24 - cpnest.NestedSampling.NestedSampler   : 34: n:  20 NS_acc:0.971 S0_acc:0.655 sub_acc:0.550 H: 4.51 logL -1178186795.00965 --> -417913012.67240 dZ: 1177964831.111 logZ: -1178186799.522 logLmax: -221967.38
2025-07-12, 13:20:24 - cpnest.NestedSampling.NestedSampler   : 35: n:  20 NS_acc:0.972 S0_acc:0.650 sub_acc:0.100 H: 4.54 logL -1156333406.65715 --> -516724.85477 dZ: 1156111442.759 logZ: -1156333411.201 logLmax: -221967.38
2025-07-12, 13:20:24 - cpnest.NestedSampling.NestedSampler   : 36: n:  20 NS_acc:0.973 S0_acc:0.649 sub_acc:0.600 H: 4.58 logL -979612232.37480 --> -3352592.90687 dZ: 979390268.477 logZ: -979612236.950 logLmax: -221967.38
2025-07-12, 13:20:24 - cpnest.NestedSampling.NestedSampler   : 37: n:  20 NS_acc:0.974 S0_acc:0.645 sub_acc:0.550 H: 4.61 logL -942126247.80254 --> -253938321.15692 dZ: 941904283.904 logZ: -942126252.409 logLmax: -221967.38
2025-07-12, 13:20:24 - cpnest.NestedSampling.NestedSampler   : 38: n:  20 NS_acc:0.974 S0_acc:0.643 sub_acc:0.450 H: 4.64 logL -808967606.13507 --> -19322236.91134 dZ: 808745642.237 logZ: -808967610.773 logLmax: -221967.38
2025-07-12, 13:20:24 - cpnest.NestedSampling.NestedSampler   : 39: n:  20 NS_acc:0.975 S0_acc:0.639 sub_acc:0.100 H: 4.67 logL -652117171.45860 --> -329335810.10702 dZ: 651895207.560 logZ: -652117176.127 logLmax: -221967.38
2025-07-12, 13:20:24 - cpnest.NestedSampling.NestedSampler   : 40: n:  20 NS_acc:0.976 S0_acc:0.636 sub_acc:0.350 H: 4.70 logL -581239066.38727 --> -591898.07954 dZ: 581017102.489 logZ: -581239071.087 logLmax: -221967.38
2025-07-12, 13:20:24 - cpnest.NestedSampling.NestedSampler   : 41: n:  20 NS_acc:0.976 S0_acc:0.632 sub_acc:0.400 H: 4.73 logL -572289715.77931 --> -14915751.25234 dZ: 572067751.881 logZ: -572289720.511 logLmax: -221967.38
2025-07-12, 13:20:24 - cpnest.NestedSampling.NestedSampler   : 42: n:  20 NS_acc:0.977 S0_acc:0.629 sub_acc:0.250 H: 4.76 logL -506630699.38076 --> -430616428.91507 dZ: 506408735.483 logZ: -506630704.143 logLmax: -221967.38
2025-07-12, 13:20:24 - cpnest.NestedSampling.NestedSampler   : 43: n:  20 NS_acc:0.977 S0_acc:0.625 sub_acc:0.300 H: 4.79 logL -474374876.70179 --> -63149602.74997 dZ: 474152912.804 logZ: -474374881.496 logLmax: -221967.38
2025-07-12, 13:20:25 - cpnest.NestedSampling.NestedSampler   : 44: n:  20 NS_acc:0.978 S0_acc:0.619 sub_acc:0.350 H: 4.83 logL -464052429.87561 --> -6798304.66211 dZ: 463830465.977 logZ: -464052434.701 logLmax: -221967.38
2025-07-12, 13:20:25 - cpnest.NestedSampling.NestedSampler   : 45: n:  20 NS_acc:0.978 S0_acc:0.613 sub_acc:0.100 H: 4.86 logL -430616428.91507 --> -109001624.13992 dZ: 430394465.017 logZ: -430616433.771 logLmax: -221967.38
2025-07-12, 13:20:25 - cpnest.NestedSampling.NestedSampler   : 46: n:  20 NS_acc:0.979 S0_acc:0.610 sub_acc:0.350 H: 4.89 logL -417913012.67240 --> -42597430.27199 dZ: 417691048.774 logZ: -417913017.560 logLmax: -221967.38
2025-07-12, 13:20:25 - cpnest.NestedSampling.NestedSampler   : 47: n:  20 NS_acc:0.979 S0_acc:0.603 sub_acc:0.150 H: 4.92 logL -405805306.41729 --> -629059.83293 dZ: 405583342.519 logZ: -405805311.336 logLmax: -221967.38
2025-07-12, 13:20:25 - cpnest.NestedSampling.NestedSampler   : 48: n:  20 NS_acc:0.980 S0_acc:0.602 sub_acc:0.300 H: 4.95 logL -329335810.10702 --> -18386956.90922 dZ: 329113846.209 logZ: -329335815.057 logLmax: -221967.38
2025-07-12, 13:20:25 - cpnest.sampler.Sampler                : Sampler 3743796 -- ACL(phi_mrg_22)  = 15.726587088392307
2025-07-12, 13:20:25 - cpnest.NestedSampling.NestedSampler   : 49: n:  20 NS_acc:0.980 S0_acc:0.598 sub_acc:0.250 H: 4.98 logL -284398231.14031 --> -40397837.64339 dZ: 284176267.242 logZ: -284398236.122 logLmax: -221967.38
2025-07-12, 13:20:25 - cpnest.NestedSampling.NestedSampler   : 50: n:  20 NS_acc:0.980 S0_acc:0.596 sub_acc:0.400 H: 5.01 logL -273389688.38683 --> -107197810.05407 dZ: 273167724.489 logZ: -273389693.399 logLmax: -221967.38
2025-07-12, 13:20:25 - cpnest.NestedSampling.NestedSampler   : 51: n:  20 NS_acc:0.981 S0_acc:0.589 sub_acc:0.100 H: 5.04 logL -253938321.15692 --> -220757.87914 dZ: 253716357.259 logZ: -253938326.201 logLmax: -220757.88
2025-07-12, 13:20:25 - cpnest.NestedSampling.NestedSampler   : 52: n:  20 NS_acc:0.981 S0_acc:0.585 sub_acc:0.150 H: 5.08 logL -229827440.59171 --> -34197021.09667 dZ: 229606686.194 logZ: -229827445.667 logLmax: -220757.88
2025-07-12, 13:20:25 - cpnest.NestedSampling.NestedSampler   : 53: n:  20 NS_acc:0.981 S0_acc:0.581 sub_acc:0.150 H: 5.11 logL -216874674.94979 --> -184558282.27440 dZ: 216653920.552 logZ: -216874680.056 logLmax: -220757.88
2025-07-12, 13:20:25 - cpnest.NestedSampling.NestedSampler   : 54: n:  20 NS_acc:0.982 S0_acc:0.578 sub_acc:0.100 H: 5.14 logL -203486611.07876 --> -97437699.25265 dZ: 203265856.681 logZ: -203486616.216 logLmax: -220757.88
2025-07-12, 13:20:25 - cpnest.NestedSampling.NestedSampler   : 55: n:  20 NS_acc:0.982 S0_acc:0.575 sub_acc:0.300 H: 5.17 logL -188981534.73972 --> -89101736.18926 dZ: 188760780.342 logZ: -188981539.909 logLmax: -220757.88
2025-07-12, 13:20:25 - cpnest.NestedSampling.NestedSampler   : 56: n:  25 NS_acc:0.982 S0_acc:0.570 sub_acc:0.040 H: 5.20 logL -184558282.27440 --> -47189160.93417 dZ: 184337527.877 logZ: -184558287.474 logLmax: -220757.88
2025-07-12, 13:20:25 - cpnest.NestedSampling.NestedSampler   : 57: n:  20 NS_acc:0.983 S0_acc:0.567 sub_acc:0.400 H: 5.23 logL -172122533.54854 --> -148459914.42621 dZ: 171901779.151 logZ: -172122538.780 logLmax: -220757.88
2025-07-12, 13:20:25 - cpnest.NestedSampling.NestedSampler   : 58: n:  20 NS_acc:0.983 S0_acc:0.565 sub_acc:0.400 H: 5.26 logL -164846722.10541 --> -49001720.81580 dZ: 164625967.708 logZ: -164846727.368 logLmax: -220757.88
2025-07-12, 13:20:25 - cpnest.NestedSampling.NestedSampler   : 59: n:  20 NS_acc:0.983 S0_acc:0.561 sub_acc:0.350 H: 5.29 logL -157115145.09186 --> -119025431.21450 dZ: 156894390.694 logZ: -157115150.386 logLmax: -220757.88
2025-07-12, 13:20:25 - cpnest.NestedSampling.NestedSampler   : 60: n:  20 NS_acc:0.984 S0_acc:0.560 sub_acc:0.400 H: 5.33 logL -148459914.42621 --> -13507736.03216 dZ: 148239160.028 logZ: -148459919.751 logLmax: -220757.88
2025-07-12, 13:20:25 - cpnest.NestedSampling.NestedSampler   : 61: n:  20 NS_acc:0.984 S0_acc:0.556 sub_acc:0.300 H: 5.36 logL -119025431.21450 --> -42234160.56368 dZ: 118804676.817 logZ: -119025436.571 logLmax: -220757.88
2025-07-12, 13:20:25 - cpnest.NestedSampling.NestedSampler   : 62: n:  20 NS_acc:0.984 S0_acc:0.553 sub_acc:0.450 H: 5.39 logL -109001624.13992 --> -12501373.83224 dZ: 108780869.742 logZ: -109001629.527 logLmax: -220757.88
2025-07-12, 13:20:25 - cpnest.NestedSampling.NestedSampler   : 63: n:  20 NS_acc:0.984 S0_acc:0.551 sub_acc:0.350 H: 5.42 logL -107197810.05407 --> -20841718.56077 dZ: 106977055.656 logZ: -107197815.473 logLmax: -217499.96
2025-07-12, 13:20:25 - cpnest.NestedSampling.NestedSampler   : 64: n:  20 NS_acc:0.985 S0_acc:0.549 sub_acc:0.400 H: 5.45 logL -105937005.71596 --> -62704718.62972 dZ: 105719509.240 logZ: -105937011.166 logLmax: -217499.96
2025-07-12, 13:20:25 - cpnest.NestedSampling.NestedSampler   : Rolling KS test: D=0.105, p-value=0.838
2025-07-12, 13:20:25 - cpnest.sampler.Sampler                : Sampler 3743796 -- ACL(phi_mrg_22)  = 17.025077721961942
2025-07-12, 13:20:25 - cpnest.NestedSampling.NestedSampler   : 65: n:  20 NS_acc:0.985 S0_acc:0.545 sub_acc:0.100 H: 5.48 logL -97437699.25265 --> -5813216.38450 dZ: 97220202.776 logZ: -97437704.734 logLmax: -217499.96
2025-07-12, 13:20:25 - cpnest.NestedSampling.NestedSampler   : 66: n:  20 NS_acc:0.985 S0_acc:0.543 sub_acc:0.250 H: 5.51 logL -89101736.18926 --> -71463098.57249 dZ: 88884239.713 logZ: -89101741.702 logLmax: -217499.96
2025-07-12, 13:20:25 - cpnest.NestedSampling.NestedSampler   : 67: n:  24 NS_acc:0.985 S0_acc:0.539 sub_acc:0.042 H: 5.54 logL -78396101.04564 --> -2141948.12612 dZ: 78178604.569 logZ: -78396106.589 logLmax: -217499.96
2025-07-12, 13:20:25 - cpnest.NestedSampling.NestedSampler   : 68: n:  20 NS_acc:0.986 S0_acc:0.537 sub_acc:0.250 H: 5.58 logL -71463098.57249 --> -50130246.51641 dZ: 71245602.096 logZ: -71463104.148 logLmax: -217499.96
2025-07-12, 13:20:25 - cpnest.NestedSampling.NestedSampler   : 69: n:  20 NS_acc:0.986 S0_acc:0.534 sub_acc:0.350 H: 5.61 logL -63149602.74997 --> -32559707.02138 dZ: 62932106.274 logZ: -63149608.356 logLmax: -217499.96
2025-07-12, 13:20:25 - cpnest.NestedSampling.NestedSampler   : 70: n:  20 NS_acc:0.986 S0_acc:0.532 sub_acc:0.300 H: 5.64 logL -62704718.62972 --> -8651206.69392 dZ: 62487222.153 logZ: -62704724.267 logLmax: -217499.96
2025-07-12, 13:20:25 - cpnest.NestedSampling.NestedSampler   : 71: n:  20 NS_acc:0.986 S0_acc:0.530 sub_acc:0.250 H: 5.67 logL -51072851.90287 --> -13938946.63985 dZ: 50855355.426 logZ: -51072857.572 logLmax: -217499.96
2025-07-12, 13:20:25 - cpnest.NestedSampling.NestedSampler   : 72: n:  20 NS_acc:0.986 S0_acc:0.528 sub_acc:0.300 H: 5.70 logL -50130246.51641 --> -1083662.88124 dZ: 49912750.040 logZ: -50130252.216 logLmax: -217499.96
2025-07-12, 13:20:25 - cpnest.NestedSampling.NestedSampler   : 73: n:  20 NS_acc:0.986 S0_acc:0.526 sub_acc:0.300 H: 5.73 logL -49001720.81580 --> -3162381.27426 dZ: 48784224.339 logZ: -49001726.547 logLmax: -217499.96
2025-07-12, 13:20:25 - cpnest.NestedSampling.NestedSampler   : 74: n:  20 NS_acc:0.987 S0_acc:0.523 sub_acc:0.150 H: 5.76 logL -47189160.93417 --> -2252288.87498 dZ: 46971664.458 logZ: -47189166.697 logLmax: -217499.96
2025-07-12, 13:20:25 - cpnest.NestedSampling.NestedSampler   : 75: n:  25 NS_acc:0.987 S0_acc:0.520 sub_acc:0.040 H: 5.79 logL -42597430.27199 --> -34824613.62089 dZ: 42379933.796 logZ: -42597436.066 logLmax: -217499.96
2025-07-12, 13:20:25 - cpnest.NestedSampling.NestedSampler   : 76: n:  20 NS_acc:0.987 S0_acc:0.516 sub_acc:0.200 H: 5.83 logL -42234160.56368 --> -8442228.66672 dZ: 42016664.087 logZ: -42234166.389 logLmax: -217499.96
2025-07-12, 13:20:25 - cpnest.NestedSampling.NestedSampler   : 77: n:  20 NS_acc:0.987 S0_acc:0.514 sub_acc:0.450 H: 5.86 logL -40397837.64339 --> -350635.16624 dZ: 40180341.167 logZ: -40397843.500 logLmax: -217499.96
2025-07-12, 13:20:25 - cpnest.NestedSampling.NestedSampler   : 78: n:  20 NS_acc:0.987 S0_acc:0.512 sub_acc:0.400 H: 5.89 logL -36981160.64945 --> -15849163.16014 dZ: 36763664.173 logZ: -36981166.537 logLmax: -217499.96
2025-07-12, 13:20:25 - cpnest.NestedSampling.NestedSampler   : 79: n:  20 NS_acc:0.988 S0_acc:0.509 sub_acc:0.300 H: 5.92 logL -34824613.62089 --> -7508159.90268 dZ: 34607117.144 logZ: -34824619.540 logLmax: -217499.96
2025-07-12, 13:20:25 - cpnest.NestedSampling.NestedSampler   : 80: n:  20 NS_acc:0.988 S0_acc:0.506 sub_acc:0.250 H: 5.95 logL -34197021.09667 --> -464995.01111 dZ: 33979524.620 logZ: -34197027.047 logLmax: -217499.96
2025-07-12, 13:20:26 - cpnest.sampler.Sampler                : Sampler 3743796 -- ACL(phi_mrg_22)  = 15.809580702159648
2025-07-12, 13:20:26 - cpnest.NestedSampling.NestedSampler   : 81: n:  20 NS_acc:0.988 S0_acc:0.503 sub_acc:0.250 H: 5.98 logL -32559707.02138 --> -1102010.63093 dZ: 32342210.545 logZ: -32559713.003 logLmax: -217499.96
2025-07-12, 13:20:26 - cpnest.NestedSampling.NestedSampler   : 82: n:  20 NS_acc:0.988 S0_acc:0.502 sub_acc:0.200 H: 6.01 logL -25091493.37823 --> -4168445.17560 dZ: 24873996.902 logZ: -25091499.391 logLmax: -217499.96
2025-07-12, 13:20:26 - cpnest.NestedSampling.NestedSampler   : 83: n:  20 NS_acc:0.988 S0_acc:0.501 sub_acc:0.250 H: 6.04 logL -21394151.09700 --> -8488087.60481 dZ: 21176654.621 logZ: -21394157.141 logLmax: -217499.96
2025-07-12, 13:20:26 - cpnest.NestedSampling.NestedSampler   : 84: n:  20 NS_acc:0.988 S0_acc:0.500 sub_acc:0.150 H: 6.08 logL -20841718.56077 --> -15337033.63665 dZ: 20624222.084 logZ: -20841724.636 logLmax: -217499.96
2025-07-12, 13:20:26 - cpnest.NestedSampling.NestedSampler   : 85: n:  20 NS_acc:0.988 S0_acc:0.498 sub_acc:0.150 H: 6.11 logL -19322236.91134 --> -327320.13887 dZ: 19104740.435 logZ: -19322243.018 logLmax: -217499.96
2025-07-12, 13:20:26 - cpnest.NestedSampling.NestedSampler   : 86: n:  20 NS_acc:0.989 S0_acc:0.497 sub_acc:0.250 H: 6.14 logL -18386956.90922 --> -10216386.47727 dZ: 18169460.433 logZ: -18386963.047 logLmax: -217499.96
2025-07-12, 13:20:26 - cpnest.NestedSampling.NestedSampler   : 87: n:  23 NS_acc:0.989 S0_acc:0.494 sub_acc:0.043 H: 6.17 logL -15849163.16014 --> -496636.37287 dZ: 15631666.684 logZ: -15849169.329 logLmax: -217499.96
2025-07-12, 13:20:26 - cpnest.NestedSampling.NestedSampler   : 88: n:  20 NS_acc:0.989 S0_acc:0.491 sub_acc:0.250 H: 6.20 logL -15337033.63665 --> -2396727.39869 dZ: 15119537.160 logZ: -15337039.837 logLmax: -217499.96
2025-07-12, 13:20:26 - cpnest.NestedSampling.NestedSampler   : 89: n:  20 NS_acc:0.989 S0_acc:0.490 sub_acc:0.350 H: 6.23 logL -14915751.25234 --> -507808.41241 dZ: 14698254.776 logZ: -14915757.484 logLmax: -217499.96
2025-07-12, 13:20:26 - cpnest.NestedSampling.NestedSampler   : 90: n:  20 NS_acc:0.989 S0_acc:0.486 sub_acc:0.150 H: 6.26 logL -13938946.63985 --> -5668045.78875 dZ: 13721450.163 logZ: -13938952.902 logLmax: -217499.96
2025-07-12, 13:20:26 - cpnest.NestedSampling.NestedSampler   : 91: n:  20 NS_acc:0.989 S0_acc:0.483 sub_acc:0.150 H: 6.29 logL -13507736.03216 --> -283194.92206 dZ: 13290239.556 logZ: -13507742.326 logLmax: -217499.96
2025-07-12, 13:20:26 - cpnest.NestedSampling.NestedSampler   : 92: n:  20 NS_acc:0.989 S0_acc:0.481 sub_acc:0.250 H: 6.33 logL -12501373.83224 --> -846795.29091 dZ: 12283877.356 logZ: -12501380.157 logLmax: -217499.96
2025-07-12, 13:20:26 - cpnest.NestedSampling.NestedSampler   : 93: n:  20 NS_acc:0.989 S0_acc:0.479 sub_acc:0.200 H: 6.36 logL -10216386.47727 --> -8685385.47418 dZ: 9998890.001 logZ: -10216392.834 logLmax: -217499.96
2025-07-12, 13:20:26 - cpnest.NestedSampling.NestedSampler   : 94: n:  20 NS_acc:0.989 S0_acc:0.477 sub_acc:0.150 H: 6.39 logL -8685385.47418 --> -8238805.29421 dZ: 8467888.998 logZ: -8685391.862 logLmax: -217499.96
2025-07-12, 13:20:26 - cpnest.NestedSampling.NestedSampler   : 95: n:  20 NS_acc:0.990 S0_acc:0.474 sub_acc:0.200 H: 6.42 logL -8651206.69392 --> -5749449.36808 dZ: 8433710.217 logZ: -8651213.113 logLmax: -217499.96
2025-07-12, 13:20:26 - cpnest.NestedSampling.NestedSampler   : 96: n:  20 NS_acc:0.990 S0_acc:0.471 sub_acc:0.050 H: 6.45 logL -8488087.60481 --> -906300.71635 dZ: 8270591.128 logZ: -8488094.055 logLmax: -217499.96
2025-07-12, 13:20:26 - cpnest.NestedSampling.NestedSampler   : Rolling KS test: D=0.0907, p-value=0.933
2025-07-12, 13:20:26 - cpnest.NestedSampling.NestedSampler   : 97: n:  40 NS_acc:0.980 S0_acc:0.466 sub_acc:0.200 H: 6.48 logL -8442228.66672 --> -5119574.92811 dZ: 8224732.190 logZ: -8442235.148 logLmax: -217499.96
2025-07-12, 13:20:26 - cpnest.sampler.Sampler                : Sampler 3743796 -- ACL(phi_mrg_22)  = 15.239208457109802
2025-07-12, 13:20:26 - cpnest.NestedSampling.NestedSampler   : 98: n:  20 NS_acc:0.980 S0_acc:0.464 sub_acc:0.400 H: 6.51 logL -8238805.29421 --> -2213260.12253 dZ: 8021308.818 logZ: -8238811.807 logLmax: -217499.96
2025-07-12, 13:20:26 - cpnest.NestedSampling.NestedSampler   : 99: n:  22 NS_acc:0.980 S0_acc:0.462 sub_acc:0.045 H: 6.54 logL -7508159.90268 --> -4247591.45290 dZ: 7290663.426 logZ: -7508166.446 logLmax: -217499.96
2025-07-12, 13:20:26 - cpnest.NestedSampling.NestedSampler   : 100: n:  40 NS_acc:0.971 S0_acc:0.458 sub_acc:0.100 H: 6.58 logL -6798304.66211 --> -353731.30715 dZ: 6580808.186 logZ: -6798311.237 logLmax: -217499.96
2025-07-12, 13:20:26 - cpnest.NestedSampling.NestedSampler   : 101: n:  20 NS_acc:0.971 S0_acc:0.456 sub_acc:0.150 H: 6.61 logL -5813216.38450 --> -4616318.40838 dZ: 5595719.908 logZ: -5813222.991 logLmax: -217499.96
2025-07-12, 13:20:26 - cpnest.NestedSampling.NestedSampler   : 102: n:  29 NS_acc:0.971 S0_acc:0.454 sub_acc:0.034 H: 6.64 logL -5749449.36808 --> -1762934.37716 dZ: 5531952.892 logZ: -5749456.006 logLmax: -217499.96
2025-07-12, 13:20:26 - cpnest.NestedSampling.NestedSampler   : 103: n:  40 NS_acc:0.963 S0_acc:0.449 sub_acc:0.300 H: 6.67 logL -5668045.78875 --> -5056477.82776 dZ: 5450549.312 logZ: -5668052.458 logLmax: -217499.96
2025-07-12, 13:20:26 - cpnest.NestedSampling.NestedSampler   : 104: n:  20 NS_acc:0.963 S0_acc:0.448 sub_acc:0.100 H: 6.70 logL -5119574.92811 --> -1996218.12362 dZ: 4902078.452 logZ: -5119581.628 logLmax: -217499.96
2025-07-12, 13:20:26 - cpnest.NestedSampling.NestedSampler   : 105: n:  20 NS_acc:0.963 S0_acc:0.446 sub_acc:0.100 H: 6.73 logL -5056477.82776 --> -293082.46846 dZ: 4838981.351 logZ: -5056484.559 logLmax: -217499.96
2025-07-12, 13:20:26 - cpnest.NestedSampling.NestedSampler   : 106: n:  20 NS_acc:0.964 S0_acc:0.444 sub_acc:0.150 H: 6.76 logL -4616318.40838 --> -1185283.21734 dZ: 4398821.932 logZ: -4616325.171 logLmax: -217499.96
2025-07-12, 13:20:26 - cpnest.NestedSampling.NestedSampler   : 107: n:  20 NS_acc:0.964 S0_acc:0.443 sub_acc:0.350 H: 6.79 logL -4247591.45290 --> -2250123.23738 dZ: 4030094.976 logZ: -4247598.247 logLmax: -217499.96
2025-07-12, 13:20:26 - cpnest.NestedSampling.NestedSampler   : 108: n:  20 NS_acc:0.964 S0_acc:0.442 sub_acc:0.300 H: 6.83 logL -4168445.17560 --> -3731893.21792 dZ: 3950948.699 logZ: -4168452.001 logLmax: -217499.96
2025-07-12, 13:20:26 - cpnest.NestedSampling.NestedSampler   : 109: n:  20 NS_acc:0.965 S0_acc:0.440 sub_acc:0.150 H: 6.86 logL -3731893.21792 --> -2283158.16965 dZ: 3514396.741 logZ: -3731900.074 logLmax: -217499.96
2025-07-12, 13:20:26 - cpnest.NestedSampling.NestedSampler   : 110: n:  20 NS_acc:0.965 S0_acc:0.439 sub_acc:0.250 H: 6.89 logL -3726976.45204 --> -436367.62930 dZ: 3509479.976 logZ: -3726983.340 logLmax: -217499.96
2025-07-12, 13:20:26 - cpnest.NestedSampling.NestedSampler   : 111: n:  20 NS_acc:0.965 S0_acc:0.437 sub_acc:0.150 H: 6.92 logL -3377407.77386 --> -217437.33175 dZ: 3159911.297 logZ: -3377414.693 logLmax: -217437.33
2025-07-12, 13:20:26 - cpnest.NestedSampling.NestedSampler   : 112: n:  20 NS_acc:0.966 S0_acc:0.436 sub_acc:0.050 H: 6.95 logL -3352592.90687 --> -1320785.87416 dZ: 3135159.056 logZ: -3352599.857 logLmax: -217437.33
2025-07-12, 13:20:26 - cpnest.sampler.Sampler                : Sampler 3743796 -- ACL(phi_mrg_22)  = 7.82900549395422
2025-07-12, 13:20:26 - cpnest.NestedSampling.NestedSampler   : 113: n:  20 NS_acc:0.966 S0_acc:0.435 sub_acc:0.250 H: 6.98 logL -3162381.27426 --> -1228621.27144 dZ: 2944947.424 logZ: -3162388.256 logLmax: -217437.33
2025-07-12, 13:20:26 - cpnest.NestedSampling.NestedSampler   : 114: n:  20 NS_acc:0.966 S0_acc:0.433 sub_acc:0.300 H: 7.01 logL -2609510.49548 --> -1171568.55323 dZ: 2392076.645 logZ: -2609517.508 logLmax: -217437.33
2025-07-12, 13:20:26 - cpnest.NestedSampling.NestedSampler   : 115: n:  20 NS_acc:0.966 S0_acc:0.431 sub_acc:0.100 H: 7.04 logL -2396727.39869 --> -2026980.30366 dZ: 2179293.548 logZ: -2396734.443 logLmax: -217437.33
2025-07-12, 13:20:26 - cpnest.NestedSampling.NestedSampler   : 116: n:  20 NS_acc:0.967 S0_acc:0.430 sub_acc:0.250 H: 7.08 logL -2283158.16965 --> -514397.26531 dZ: 2065724.319 logZ: -2283165.245 logLmax: -217437.33
2025-07-12, 13:20:26 - cpnest.NestedSampling.NestedSampler   : 117: n:  20 NS_acc:0.967 S0_acc:0.428 sub_acc:0.250 H: 7.11 logL -2252288.87498 --> -472576.92428 dZ: 2034855.025 logZ: -2252295.981 logLmax: -217437.33
2025-07-12, 13:20:26 - cpnest.NestedSampling.NestedSampler   : 118: n:  20 NS_acc:0.967 S0_acc:0.427 sub_acc:0.200 H: 7.14 logL -2250123.23738 --> -436214.55885 dZ: 2032689.387 logZ: -2250130.375 logLmax: -217434.80
2025-07-12, 13:20:26 - cpnest.NestedSampling.NestedSampler   : 119: n:  20 NS_acc:0.967 S0_acc:0.425 sub_acc:0.250 H: 7.17 logL -2213260.12253 --> -220888.19262 dZ: 1995828.806 logZ: -2213267.291 logLmax: -217434.80
2025-07-12, 13:20:26 - cpnest.NestedSampling.NestedSampler   : 120: n:  20 NS_acc:0.968 S0_acc:0.424 sub_acc:0.200 H: 7.20 logL -2141948.12612 --> -1062495.84965 dZ: 1924516.810 logZ: -2141955.326 logLmax: -217434.80
2025-07-12, 13:20:26 - cpnest.NestedSampling.NestedSampler   : 121: n:  40 NS_acc:0.960 S0_acc:0.420 sub_acc:0.350 H: 7.23 logL -2026980.30366 --> -1912016.26306 dZ: 1809548.988 logZ: -2026987.535 logLmax: -217434.80
2025-07-12, 13:20:26 - cpnest.NestedSampling.NestedSampler   : 122: n:  20 NS_acc:0.961 S0_acc:0.418 sub_acc:0.300 H: 7.26 logL -1996218.12362 --> -1718814.09672 dZ: 1778786.808 logZ: -1996225.386 logLmax: -217434.80
2025-07-12, 13:20:26 - cpnest.NestedSampling.NestedSampler   : 123: n:  20 NS_acc:0.961 S0_acc:0.418 sub_acc:0.250 H: 7.29 logL -1912016.26306 --> -218954.16388 dZ: 1694584.947 logZ: -1912023.557 logLmax: -217434.80
2025-07-12, 13:20:26 - cpnest.NestedSampling.NestedSampler   : 124: n:  20 NS_acc:0.961 S0_acc:0.417 sub_acc:0.300 H: 7.33 logL -1803893.23113 --> -218095.51590 dZ: 1586461.915 logZ: -1803900.556 logLmax: -217434.80
2025-07-12, 13:20:26 - cpnest.NestedSampling.NestedSampler   : 125: n:  21 NS_acc:0.962 S0_acc:0.416 sub_acc:0.048 H: 7.36 logL -1762934.37716 --> -782608.22937 dZ: 1545503.061 logZ: -1762941.733 logLmax: -217434.80
2025-07-12, 13:20:27 - cpnest.NestedSampling.NestedSampler   : 126: n:  44 NS_acc:0.955 S0_acc:0.412 sub_acc:0.045 H: 7.39 logL -1718814.09672 --> -263377.15453 dZ: 1501382.781 logZ: -1718821.484 logLmax: -217434.80
2025-07-12, 13:20:27 - cpnest.sampler.Sampler                : Sampler 3743796 -- ACL(phi_mrg_22)  = 25.307450776103398
2025-07-12, 13:20:27 - cpnest.NestedSampling.NestedSampler   : 127: n:  25 NS_acc:0.955 S0_acc:0.411 sub_acc:0.200 H: 7.42 logL -1320785.87416 --> -276555.09021 dZ: 1103354.558 logZ: -1320793.293 logLmax: -217434.80
2025-07-12, 13:20:27 - cpnest.NestedSampling.NestedSampler   : 128: n:  25 NS_acc:0.955 S0_acc:0.410 sub_acc:0.160 H: 7.45 logL -1228621.27144 --> -317651.17088 dZ: 1011189.955 logZ: -1228628.722 logLmax: -217434.80
2025-07-12, 13:20:27 - cpnest.NestedSampling.NestedSampler   : Rolling KS test: D=0.111, p-value=0.786
2025-07-12, 13:20:27 - cpnest.NestedSampling.NestedSampler   : 129: n:  25 NS_acc:0.956 S0_acc:0.409 sub_acc:0.320 H: 7.48 logL -1185283.21734 --> -331357.87843 dZ: 967851.901 logZ: -1185290.699 logLmax: -217434.80
2025-07-12, 13:20:27 - cpnest.NestedSampling.NestedSampler   : 130: n:  50 NS_acc:0.949 S0_acc:0.405 sub_acc:0.160 H: 7.51 logL -1171568.55323 --> -1049491.96258 dZ: 954137.237 logZ: -1171576.066 logLmax: -217434.80
2025-07-12, 13:20:27 - cpnest.NestedSampling.NestedSampler   : 131: n:  25 NS_acc:0.949 S0_acc:0.404 sub_acc:0.160 H: 7.54 logL -1102010.63093 --> -771629.43946 dZ: 884579.315 logZ: -1102018.175 logLmax: -217434.80
2025-07-12, 13:20:27 - cpnest.NestedSampling.NestedSampler   : 132: n:  25 NS_acc:0.950 S0_acc:0.402 sub_acc:0.200 H: 7.58 logL -1083662.88124 --> -347783.06640 dZ: 866231.565 logZ: -1083670.456 logLmax: -217434.80
2025-07-12, 13:20:27 - cpnest.NestedSampling.NestedSampler   : 133: n:  25 NS_acc:0.950 S0_acc:0.401 sub_acc:0.200 H: 7.61 logL -1062495.84965 --> -1028896.86941 dZ: 845064.534 logZ: -1062503.456 logLmax: -217434.80
2025-07-12, 13:20:27 - cpnest.NestedSampling.NestedSampler   : 134: n:  25 NS_acc:0.950 S0_acc:0.401 sub_acc:0.320 H: 7.64 logL -1049491.96258 --> -222180.80056 dZ: 832060.646 logZ: -1049499.600 logLmax: -217434.80
2025-07-12, 13:20:27 - cpnest.NestedSampling.NestedSampler   : 135: n:  25 NS_acc:0.951 S0_acc:0.398 sub_acc:0.200 H: 7.67 logL -1028896.86941 --> -298077.64211 dZ: 811465.553 logZ: -1028904.538 logLmax: -217434.80
2025-07-12, 13:20:27 - cpnest.NestedSampling.NestedSampler   : 136: n:  25 NS_acc:0.951 S0_acc:0.397 sub_acc:0.240 H: 7.70 logL -906300.71635 --> -674982.99185 dZ: 688869.400 logZ: -906308.416 logLmax: -217434.80
2025-07-12, 13:20:27 - cpnest.NestedSampling.NestedSampler   : 137: n:  31 NS_acc:0.951 S0_acc:0.396 sub_acc:0.032 H: 7.73 logL -895515.98371 --> -368579.47280 dZ: 678084.668 logZ: -895523.715 logLmax: -217434.80
2025-07-12, 13:20:27 - cpnest.NestedSampling.NestedSampler   : 138: n:  50 NS_acc:0.945 S0_acc:0.392 sub_acc:0.080 H: 7.76 logL -846795.29091 --> -578112.71749 dZ: 629363.975 logZ: -846803.053 logLmax: -217434.80
2025-07-12, 13:20:27 - cpnest.NestedSampling.NestedSampler   : 139: n:  25 NS_acc:0.946 S0_acc:0.392 sub_acc:0.360 H: 7.79 logL -782608.22937 --> -245639.41600 dZ: 565176.913 logZ: -782616.023 logLmax: -217434.80
2025-07-12, 13:20:27 - cpnest.NestedSampling.NestedSampler   : 140: n:  25 NS_acc:0.946 S0_acc:0.391 sub_acc:0.200 H: 7.83 logL -771629.43946 --> -704677.35884 dZ: 554198.123 logZ: -771637.265 logLmax: -217434.80
2025-07-12, 13:20:27 - cpnest.sampler.Sampler                : Sampler 3743796 -- ACL(phi_mrg_22)  = 12.231054083009152
2025-07-12, 13:20:27 - cpnest.NestedSampling.NestedSampler   : 141: n:  40 NS_acc:0.940 S0_acc:0.389 sub_acc:0.350 H: 7.86 logL -704677.35884 --> -255058.67449 dZ: 487246.043 logZ: -704685.215 logLmax: -217434.80
2025-07-12, 13:20:27 - cpnest.NestedSampling.NestedSampler   : 142: n:  20 NS_acc:0.940 S0_acc:0.389 sub_acc:0.400 H: 7.89 logL -674982.99185 --> -382987.79434 dZ: 457551.676 logZ: -674990.879 logLmax: -217434.80
2025-07-12, 13:20:27 - cpnest.NestedSampling.NestedSampler   : 143: n:  20 NS_acc:0.941 S0_acc:0.388 sub_acc:0.150 H: 7.92 logL -629059.83293 --> -251439.05491 dZ: 411628.517 logZ: -629067.752 logLmax: -217434.80
2025-07-12, 13:20:27 - cpnest.NestedSampling.NestedSampler   : 144: n:  20 NS_acc:0.941 S0_acc:0.387 sub_acc:0.300 H: 7.95 logL -591898.07954 --> -233170.06027 dZ: 374466.763 logZ: -591906.030 logLmax: -217434.80
2025-07-12, 13:20:27 - cpnest.NestedSampling.NestedSampler   : 145: n:  20 NS_acc:0.942 S0_acc:0.387 sub_acc:0.300 H: 7.98 logL -578112.71749 --> -253764.38218 dZ: 360681.401 logZ: -578120.699 logLmax: -217434.80
2025-07-12, 13:20:27 - cpnest.NestedSampling.NestedSampler   : 146: n:  20 NS_acc:0.942 S0_acc:0.385 sub_acc:0.200 H: 8.01 logL -516724.85477 --> -347908.49347 dZ: 299293.539 logZ: -516732.867 logLmax: -217434.80
2025-07-12, 13:20:27 - cpnest.NestedSampling.NestedSampler   : 147: n:  20 NS_acc:0.942 S0_acc:0.385 sub_acc:0.200 H: 8.04 logL -514397.26531 --> -365050.13615 dZ: 296965.949 logZ: -514405.309 logLmax: -217434.80
2025-07-12, 13:20:27 - cpnest.NestedSampling.NestedSampler   : 148: n:  20 NS_acc:0.943 S0_acc:0.384 sub_acc:0.150 H: 8.08 logL -507808.41241 --> -217829.18627 dZ: 290377.096 logZ: -507816.487 logLmax: -217434.80
2025-07-12, 13:20:27 - cpnest.NestedSampling.NestedSampler   : 149: n:  20 NS_acc:0.943 S0_acc:0.384 sub_acc:0.200 H: 8.11 logL -496636.37287 --> -414279.35484 dZ: 279205.057 logZ: -496644.479 logLmax: -217434.80
2025-07-12, 13:20:27 - cpnest.NestedSampling.NestedSampler   : 150: n:  20 NS_acc:0.943 S0_acc:0.383 sub_acc:0.150 H: 8.14 logL -472576.92428 --> -287133.22244 dZ: 255145.608 logZ: -472585.062 logLmax: -217434.80
2025-07-12, 13:20:27 - cpnest.NestedSampling.NestedSampler   : 151: n:  20 NS_acc:0.944 S0_acc:0.383 sub_acc:0.050 H: 8.17 logL -464995.01111 --> -381516.25538 dZ: 247563.695 logZ: -465003.180 logLmax: -217434.80
2025-07-12, 13:20:27 - cpnest.NestedSampling.NestedSampler   : 152: n:  20 NS_acc:0.944 S0_acc:0.382 sub_acc:0.250 H: 8.20 logL -436367.62930 --> -219759.02636 dZ: 218936.313 logZ: -436375.829 logLmax: -217434.80
2025-07-12, 13:20:27 - cpnest.NestedSampling.NestedSampler   : 153: n:  20 NS_acc:0.944 S0_acc:0.381 sub_acc:0.150 H: 8.23 logL -436214.55885 --> -219217.10650 dZ: 218783.243 logZ: -436222.790 logLmax: -217434.80
2025-07-12, 13:20:27 - cpnest.NestedSampling.NestedSampler   : 154: n:  20 NS_acc:0.945 S0_acc:0.380 sub_acc:0.200 H: 8.26 logL -414279.35484 --> -378029.10328 dZ: 196848.039 logZ: -414287.617 logLmax: -217434.80
2025-07-12, 13:20:27 - cpnest.NestedSampling.NestedSampler   : 155: n:  20 NS_acc:0.945 S0_acc:0.379 sub_acc:0.450 H: 8.29 logL -382987.79434 --> -283319.41830 dZ: 165556.478 logZ: -382996.088 logLmax: -217434.80
2025-07-12, 13:20:27 - cpnest.sampler.Sampler                : Sampler 3743796 -- ACL(phi_mrg_22)  = 12.410382547818326
2025-07-12, 13:20:27 - cpnest.NestedSampling.NestedSampler   : 156: n:  28 NS_acc:0.945 S0_acc:0.378 sub_acc:0.036 H: 8.33 logL -381516.25538 --> -218570.74280 dZ: 164084.939 logZ: -381524.580 logLmax: -217434.80
2025-07-12, 13:20:27 - cpnest.NestedSampling.NestedSampler   : 157: n:  20 NS_acc:0.946 S0_acc:0.377 sub_acc:0.300 H: 8.36 logL -378029.10328 --> -239814.15553 dZ: 160597.787 logZ: -378037.460 logLmax: -217434.80
2025-07-12, 13:20:27 - cpnest.NestedSampling.NestedSampler   : 158: n:  20 NS_acc:0.946 S0_acc:0.377 sub_acc:0.250 H: 8.39 logL -368579.47280 --> -341445.19145 dZ: 151148.157 logZ: -368587.860 logLmax: -217434.80
2025-07-12, 13:20:27 - cpnest.NestedSampling.NestedSampler   : 159: n:  20 NS_acc:0.946 S0_acc:0.375 sub_acc:0.150 H: 8.42 logL -365050.13615 --> -255051.86254 dZ: 147618.820 logZ: -365058.555 logLmax: -217434.80
2025-07-12, 13:20:27 - cpnest.NestedSampling.NestedSampler   : 160: n:  20 NS_acc:0.947 S0_acc:0.374 sub_acc:0.200 H: 8.45 logL -353731.30715 --> -343812.16382 dZ: 136299.991 logZ: -353739.757 logLmax: -217434.44
2025-07-12, 13:20:27 - cpnest.NestedSampling.NestedSampler   : Rolling KS test: D=0.151, p-value=0.416
2025-07-12, 13:20:27 - cpnest.NestedSampling.NestedSampler   : 161: n:  20 NS_acc:0.947 S0_acc:0.373 sub_acc:0.400 H: 8.48 logL -350635.16624 --> -242406.70452 dZ: 133204.209 logZ: -350643.648 logLmax: -217434.44
2025-07-12, 13:20:27 - cpnest.NestedSampling.NestedSampler   : 162: n:  20 NS_acc:0.947 S0_acc:0.373 sub_acc:0.400 H: 8.51 logL -347908.49347 --> -220597.07710 dZ: 130477.536 logZ: -347917.006 logLmax: -217434.44
2025-07-12, 13:20:27 - cpnest.NestedSampling.NestedSampler   : 163: n:  20 NS_acc:0.948 S0_acc:0.372 sub_acc:0.250 H: 8.54 logL -347783.06640 --> -244742.33142 dZ: 130352.109 logZ: -347791.610 logLmax: -217434.44
2025-07-12, 13:20:27 - cpnest.NestedSampling.NestedSampler   : 164: n:  20 NS_acc:0.948 S0_acc:0.372 sub_acc:0.250 H: 8.58 logL -343812.16382 --> -306848.16969 dZ: 126381.207 logZ: -343820.739 logLmax: -217434.44
2025-07-12, 13:20:27 - cpnest.NestedSampling.NestedSampler   : 165: n:  20 NS_acc:0.948 S0_acc:0.371 sub_acc:0.250 H: 8.61 logL -341445.19145 --> -226938.41618 dZ: 124014.234 logZ: -341453.798 logLmax: -217434.44
2025-07-12, 13:20:27 - cpnest.NestedSampling.NestedSampler   : 166: n:  20 NS_acc:0.949 S0_acc:0.370 sub_acc:0.400 H: 8.64 logL -331357.87843 --> -277029.78237 dZ: 113926.921 logZ: -331366.516 logLmax: -217434.44
2025-07-12, 13:20:27 - cpnest.NestedSampling.NestedSampler   : 167: n:  20 NS_acc:0.949 S0_acc:0.369 sub_acc:0.200 H: 8.67 logL -327320.13887 --> -218797.54203 dZ: 109889.182 logZ: -327328.808 logLmax: -217434.44
2025-07-12, 13:20:28 - cpnest.NestedSampling.NestedSampler   : 168: n:  20 NS_acc:0.949 S0_acc:0.369 sub_acc:0.350 H: 8.70 logL -317651.17088 --> -267174.16271 dZ: 100220.214 logZ: -317659.871 logLmax: -217434.44
2025-07-12, 13:20:28 - cpnest.NestedSampling.NestedSampler   : 169: n:  20 NS_acc:0.949 S0_acc:0.368 sub_acc:0.200 H: 8.73 logL -306848.16969 --> -305949.40175 dZ: 89417.212 logZ: -306856.901 logLmax: -217434.44
2025-07-12, 13:20:28 - cpnest.NestedSampling.NestedSampler   : 170: n:  20 NS_acc:0.950 S0_acc:0.367 sub_acc:0.200 H: 8.76 logL -305949.40175 --> -267872.36103 dZ: 88518.444 logZ: -305958.164 logLmax: -217434.44
2025-07-12, 13:20:28 - cpnest.NestedSampling.NestedSampler   : 171: n:  20 NS_acc:0.950 S0_acc:0.367 sub_acc:0.200 H: 8.79 logL -298077.64211 --> -273482.50188 dZ: 80646.685 logZ: -298086.436 logLmax: -217434.44
2025-07-12, 13:20:28 - cpnest.NestedSampling.NestedSampler   : 172: n:  20 NS_acc:0.950 S0_acc:0.366 sub_acc:0.200 H: 8.83 logL -293082.46846 --> -267714.58204 dZ: 75651.511 logZ: -293091.294 logLmax: -217434.44
2025-07-12, 13:20:28 - cpnest.NestedSampling.NestedSampler   : 173: n:  20 NS_acc:0.951 S0_acc:0.366 sub_acc:0.200 H: 8.86 logL -287133.22244 --> -229012.87119 dZ: 69702.265 logZ: -287142.079 logLmax: -217434.44
2025-07-12, 13:20:28 - cpnest.sampler.Sampler                : Sampler 3743796 -- ACL(phi_mrg_22)  = 13.735559519323127
2025-07-12, 13:20:28 - cpnest.NestedSampling.NestedSampler   : 174: n:  20 NS_acc:0.951 S0_acc:0.366 sub_acc:0.450 H: 8.89 logL -283319.41830 --> -234728.86026 dZ: 65888.461 logZ: -283328.306 logLmax: -217434.44
2025-07-12, 13:20:28 - cpnest.NestedSampling.NestedSampler   : 175: n:  20 NS_acc:0.951 S0_acc:0.366 sub_acc:0.250 H: 8.92 logL -283194.92206 --> -222547.50421 dZ: 65763.965 logZ: -283203.841 logLmax: -217434.44
2025-07-12, 13:20:28 - cpnest.NestedSampling.NestedSampler   : 176: n:  20 NS_acc:0.951 S0_acc:0.366 sub_acc:0.200 H: 8.95 logL -277029.78237 --> -220378.94641 dZ: 59598.825 logZ: -277038.732 logLmax: -217434.44
2025-07-12, 13:20:28 - cpnest.NestedSampling.NestedSampler   : 177: n:  20 NS_acc:0.952 S0_acc:0.365 sub_acc:0.200 H: 8.98 logL -276555.09021 --> -260431.74900 dZ: 59124.133 logZ: -276564.072 logLmax: -217434.44
2025-07-12, 13:20:28 - cpnest.NestedSampling.NestedSampler   : 178: n:  20 NS_acc:0.952 S0_acc:0.365 sub_acc:0.400 H: 9.01 logL -273482.50188 --> -229964.03810 dZ: 56051.545 logZ: -273491.514 logLmax: -217434.44
2025-07-12, 13:20:28 - cpnest.NestedSampling.NestedSampler   : 179: n:  20 NS_acc:0.952 S0_acc:0.365 sub_acc:0.250 H: 9.04 logL -267872.36103 --> -217552.28840 dZ: 50441.404 logZ: -267881.405 logLmax: -217434.44
2025-07-12, 13:20:28 - cpnest.NestedSampling.NestedSampler   : 180: n:  21 NS_acc:0.952 S0_acc:0.364 sub_acc:0.048 H: 9.08 logL -267714.58204 --> -265596.30153 dZ: 50283.625 logZ: -267723.657 logLmax: -217434.44
2025-07-12, 13:20:28 - cpnest.NestedSampling.NestedSampler   : 181: n:  20 NS_acc:0.953 S0_acc:0.364 sub_acc:0.250 H: 9.11 logL -267174.16271 --> -221139.40198 dZ: 49743.205 logZ: -267183.269 logLmax: -217434.44
2025-07-12, 13:20:28 - cpnest.NestedSampling.NestedSampler   : 182: n:  20 NS_acc:0.953 S0_acc:0.364 sub_acc:0.250 H: 9.14 logL -265596.30153 --> -257022.78322 dZ: 48165.344 logZ: -265605.439 logLmax: -217434.44
2025-07-12, 13:20:28 - cpnest.NestedSampling.NestedSampler   : 183: n:  60 NS_acc:0.943 S0_acc:0.361 sub_acc:0.200 H: 9.17 logL -263377.15453 --> -257831.61579 dZ: 45946.197 logZ: -263386.323 logLmax: -217434.44
2025-07-12, 13:20:28 - cpnest.NestedSampling.NestedSampler   : 184: n:  20 NS_acc:0.944 S0_acc:0.361 sub_acc:0.050 H: 9.20 logL -260431.74900 --> -217526.92913 dZ: 43000.792 logZ: -260440.949 logLmax: -217434.44
2025-07-12, 13:20:28 - cpnest.NestedSampling.NestedSampler   : 185: n:  40 NS_acc:0.939 S0_acc:0.359 sub_acc:0.100 H: 9.23 logL -257831.61579 --> -227815.79948 dZ: 40400.658 logZ: -257840.847 logLmax: -217434.44
2025-07-12, 13:20:28 - cpnest.NestedSampling.NestedSampler   : 186: n:  40 NS_acc:0.935 S0_acc:0.357 sub_acc:0.050 H: 9.26 logL -257022.78322 --> -245597.26850 dZ: 39591.826 logZ: -257032.046 logLmax: -217434.44
2025-07-12, 13:20:28 - cpnest.NestedSampling.NestedSampler   : 187: n:  20 NS_acc:0.935 S0_acc:0.357 sub_acc:0.450 H: 9.29 logL -255058.67449 --> -233580.17278 dZ: 37627.717 logZ: -255067.968 logLmax: -217434.44
2025-07-12, 13:20:28 - cpnest.NestedSampling.NestedSampler   : 188: n:  20 NS_acc:0.935 S0_acc:0.357 sub_acc:0.250 H: 9.32 logL -255051.86254 --> -217604.16626 dZ: 37620.904 logZ: -255061.186 logLmax: -217434.44
2025-07-12, 13:20:28 - cpnest.NestedSampling.NestedSampler   : 189: n:  20 NS_acc:0.936 S0_acc:0.357 sub_acc:0.050 H: 9.36 logL -253764.38218 --> -221331.27809 dZ: 36333.425 logZ: -253773.738 logLmax: -217434.44
2025-07-12, 13:20:28 - cpnest.NestedSampling.NestedSampler   : 190: n:  22 NS_acc:0.936 S0_acc:0.356 sub_acc:0.045 H: 9.39 logL -251439.05491 --> -221489.93774 dZ: 34008.098 logZ: -251448.442 logLmax: -217434.44
2025-07-12, 13:20:28 - cpnest.NestedSampling.NestedSampler   : 191: n:  20 NS_acc:0.936 S0_acc:0.356 sub_acc:0.250 H: 9.42 logL -245639.41600 --> -233678.36958 dZ: 28208.459 logZ: -245648.835 logLmax: -217434.44
2025-07-12, 13:20:28 - cpnest.NestedSampling.NestedSampler   : 192: n:  20 NS_acc:0.937 S0_acc:0.356 sub_acc:0.250 H: 9.45 logL -245597.26850 --> -218321.89923 dZ: 28166.311 logZ: -245606.719 logLmax: -217434.44
2025-07-12, 13:20:28 - cpnest.NestedSampling.NestedSampler   : Rolling KS test: D=0.148, p-value=0.441
2025-07-12, 13:20:28 - cpnest.NestedSampling.NestedSampler   : 193: n:  20 NS_acc:0.937 S0_acc:0.355 sub_acc:0.300 H: 9.48 logL -244742.33142 --> -219994.81474 dZ: 27311.374 logZ: -244751.813 logLmax: -217434.44
2025-07-12, 13:20:28 - cpnest.NestedSampling.NestedSampler   : 194: n:  20 NS_acc:0.937 S0_acc:0.355 sub_acc:0.150 H: 9.51 logL -242406.70452 --> -221330.74879 dZ: 24975.747 logZ: -242416.217 logLmax: -217434.44
2025-07-12, 13:20:28 - cpnest.NestedSampling.NestedSampler   : 195: n:  21 NS_acc:0.938 S0_acc:0.354 sub_acc:0.048 H: 9.54 logL -239814.15553 --> -222390.22650 dZ: 22383.198 logZ: -239823.699 logLmax: -217434.44
2025-07-12, 13:20:28 - cpnest.NestedSampling.NestedSampler   : 196: n:  31 NS_acc:0.938 S0_acc:0.353 sub_acc:0.032 H: 9.58 logL -234728.86026 --> -221675.17822 dZ: 17297.903 logZ: -234738.435 logLmax: -217434.44
2025-07-12, 13:20:28 - cpnest.NestedSampling.NestedSampler   : 197: n:  20 NS_acc:0.938 S0_acc:0.353 sub_acc:0.250 H: 9.61 logL -233678.36958 --> -217568.47709 dZ: 16247.412 logZ: -233687.976 logLmax: -217434.44
2025-07-12, 13:20:28 - cpnest.NestedSampling.NestedSampler   : 198: n:  20 NS_acc:0.938 S0_acc:0.353 sub_acc:0.200 H: 9.64 logL -233580.17278 --> -231021.80327 dZ: 16149.215 logZ: -233589.810 logLmax: -217434.44
2025-07-12, 13:20:28 - cpnest.NestedSampling.NestedSampler   : 199: n:  20 NS_acc:0.939 S0_acc:0.353 sub_acc:0.200 H: 9.67 logL -233170.06027 --> -228467.87626 dZ: 15739.103 logZ: -233179.729 logLmax: -217434.44
2025-07-12, 13:20:28 - cpnest.NestedSampling.NestedSampler   : 200: n:  20 NS_acc:0.939 S0_acc:0.352 sub_acc:0.150 H: 9.70 logL -231021.80327 --> -219321.52195 dZ: 13590.846 logZ: -231031.503 logLmax: -217434.44
2025-07-12, 13:20:28 - cpnest.NestedSampling.NestedSampler   : 201: n:  20 NS_acc:0.939 S0_acc:0.352 sub_acc:0.300 H: 9.73 logL -229964.03810 --> -217434.93799 dZ: 12533.081 logZ: -229973.769 logLmax: -217434.44
2025-07-12, 13:20:28 - cpnest.sampler.Sampler                : Sampler 3743796 -- ACL(phi_mrg_22)  = 15.632645429670655
2025-07-12, 13:20:28 - cpnest.NestedSampling.NestedSampler   : 202: n:  20 NS_acc:0.940 S0_acc:0.352 sub_acc:0.050 H: 9.76 logL -229012.87119 --> -217435.31216 dZ: 11581.914 logZ: -229022.634 logLmax: -217434.44
2025-07-12, 13:20:28 - cpnest.NestedSampling.NestedSampler   : 203: n:  20 NS_acc:0.940 S0_acc:0.351 sub_acc:0.050 H: 9.79 logL -228467.87626 --> -217708.52388 dZ: 11036.919 logZ: -228477.670 logLmax: -217434.44
2025-07-12, 13:20:28 - cpnest.NestedSampling.NestedSampler   : 204: n:  20 NS_acc:0.940 S0_acc:0.351 sub_acc:0.250 H: 9.83 logL -227815.79948 --> -219981.90049 dZ: 10384.842 logZ: -227825.625 logLmax: -217434.44
2025-07-12, 13:20:28 - cpnest.NestedSampling.NestedSampler   : 205: n:  20 NS_acc:0.940 S0_acc:0.351 sub_acc:0.250 H: 9.86 logL -226938.41618 --> -220658.45285 dZ: 9507.459 logZ: -226948.272 logLmax: -217434.44
2025-07-12, 13:20:28 - cpnest.NestedSampling.NestedSampler   : 206: n:  20 NS_acc:0.941 S0_acc:0.350 sub_acc:0.050 H: 9.89 logL -222547.50421 --> -219458.61818 dZ: 5116.547 logZ: -222557.392 logLmax: -217434.44
2025-07-12, 13:20:28 - cpnest.NestedSampling.NestedSampler   : 207: n:  20 NS_acc:0.941 S0_acc:0.350 sub_acc:0.200 H: 9.92 logL -222390.22650 --> -218766.76022 dZ: 4959.269 logZ: -222400.145 logLmax: -217434.44
2025-07-12, 13:20:28 - cpnest.NestedSampling.NestedSampler   : 208: n:  21 NS_acc:0.941 S0_acc:0.349 sub_acc:0.048 H: 9.95 logL -222180.80056 --> -217486.31823 dZ: 4749.843 logZ: -222190.751 logLmax: -217434.44
2025-07-12, 13:20:28 - cpnest.NestedSampling.NestedSampler   : 209: n:  20 NS_acc:0.941 S0_acc:0.349 sub_acc:0.150 H: 9.98 logL -221675.17822 --> -219374.66259 dZ: 4244.221 logZ: -221685.160 logLmax: -217434.44
2025-07-12, 13:20:28 - cpnest.NestedSampling.NestedSampler   : 210: n:  20 NS_acc:0.942 S0_acc:0.349 sub_acc:0.200 H: 10.01 logL -221489.93774 --> -218393.58196 dZ: 4058.980 logZ: -221499.950 logLmax: -217434.44
2025-07-12, 13:20:28 - cpnest.NestedSampling.NestedSampler   : 211: n:  20 NS_acc:0.942 S0_acc:0.348 sub_acc:0.150 H: 10.04 logL -221331.27809 --> -218115.37942 dZ: 3900.321 logZ: -221341.322 logLmax: -217434.44
2025-07-12, 13:20:28 - cpnest.NestedSampling.NestedSampler   : 212: n:  20 NS_acc:0.942 S0_acc:0.348 sub_acc:0.050 H: 9.40 logL -221330.74879 --> -217884.93737 dZ: 3899.317 logZ: -221340.349 logLmax: -217434.44
2025-07-12, 13:20:28 - cpnest.NestedSampling.NestedSampler   : 213: n:  20 NS_acc:0.942 S0_acc:0.347 sub_acc:0.050 H: 10.11 logL -221139.40198 --> -218481.34710 dZ: 3708.445 logZ: -221149.508 logLmax: -217434.44
2025-07-12, 13:20:28 - cpnest.NestedSampling.NestedSampler   : 214: n:  20 NS_acc:0.943 S0_acc:0.347 sub_acc:0.250 H: 10.14 logL -220888.19262 --> -218552.60851 dZ: 3457.235 logZ: -220898.330 logLmax: -217434.44
2025-07-12, 13:20:28 - cpnest.NestedSampling.NestedSampler   : 215: n:  20 NS_acc:0.943 S0_acc:0.346 sub_acc:0.050 H: 10.17 logL -220757.87914 --> -218287.49518 dZ: 3326.922 logZ: -220768.048 logLmax: -217434.44
2025-07-12, 13:20:28 - cpnest.NestedSampling.NestedSampler   : 216: n:  40 NS_acc:0.939 S0_acc:0.345 sub_acc:0.250 H: 10.20 logL -220658.45285 --> -218253.12998 dZ: 3227.496 logZ: -220668.653 logLmax: -217434.44
2025-07-12, 13:20:28 - cpnest.NestedSampling.NestedSampler   : 217: n:  20 NS_acc:0.939 S0_acc:0.344 sub_acc:0.050 H: 10.23 logL -220597.07710 --> -218665.69261 dZ: 3166.120 logZ: -220607.308 logLmax: -217434.44
2025-07-12, 13:20:28 - cpnest.NestedSampling.NestedSampler   : 218: n:  20 NS_acc:0.940 S0_acc:0.343 sub_acc:0.250 H: 10.26 logL -220378.94641 --> -217990.35653 dZ: 2947.989 logZ: -220389.209 logLmax: -217434.44
2025-07-12, 13:20:28 - cpnest.NestedSampling.NestedSampler   : 219: n:  25 NS_acc:0.940 S0_acc:0.341 sub_acc:0.040 H: 10.29 logL -219994.81474 --> -217475.88392 dZ: 2563.857 logZ: -220005.109 logLmax: -217434.44
2025-07-12, 13:20:28 - cpnest.NestedSampling.NestedSampler   : 220: n:  40 NS_acc:0.936 S0_acc:0.339 sub_acc:0.150 H: 10.33 logL -219981.90049 --> -219909.79759 dZ: 2550.943 logZ: -219992.226 logLmax: -217434.44
2025-07-12, 13:20:28 - cpnest.NestedSampling.NestedSampler   : 221: n:  40 NS_acc:0.932 S0_acc:0.337 sub_acc:0.200 H: 10.36 logL -219909.79759 --> -218094.36150 dZ: 2478.840 logZ: -219920.154 logLmax: -217434.44
2025-07-12, 13:20:28 - cpnest.NestedSampling.NestedSampler   : 222: n:  25 NS_acc:0.933 S0_acc:0.335 sub_acc:0.040 H: 10.39 logL -219759.02636 --> -217611.39800 dZ: 2328.069 logZ: -219769.414 logLmax: -217434.44
2025-07-12, 13:20:28 - cpnest.sampler.Sampler                : Sampler 3743796 -- ACL(phi_mrg_22)  = 20.165720945603297
2025-07-12, 13:20:28 - cpnest.NestedSampling.NestedSampler   : 223: n:  20 NS_acc:0.933 S0_acc:0.335 sub_acc:0.150 H: 10.42 logL -219458.61818 --> -219220.71079 dZ: 2027.661 logZ: -219469.037 logLmax: -217434.44
2025-07-12, 13:20:29 - cpnest.NestedSampling.NestedSampler   : 224: n:  20 NS_acc:0.933 S0_acc:0.334 sub_acc:0.050 H: 10.45 logL -219374.66259 --> -219128.25943 dZ: 1943.705 logZ: -219385.113 logLmax: -217434.44
2025-07-12, 13:20:29 - cpnest.NestedSampling.NestedSampler   : Rolling KS test: D=0.138, p-value=0.53
2025-07-12, 13:20:29 - cpnest.NestedSampling.NestedSampler   : 225: n:  20 NS_acc:0.934 S0_acc:0.334 sub_acc:0.150 H: 10.48 logL -219321.52195 --> -217872.75981 dZ: 1890.565 logZ: -219332.003 logLmax: -217434.44
2025-07-12, 13:20:29 - cpnest.NestedSampling.NestedSampler   : 226: n:  20 NS_acc:0.934 S0_acc:0.333 sub_acc:0.100 H: 10.51 logL -219220.71079 --> -217434.40386 dZ: 1789.753 logZ: -219231.223 logLmax: -217434.40
2025-07-12, 13:20:29 - cpnest.NestedSampling.NestedSampler   : 227: n:  20 NS_acc:0.934 S0_acc:0.333 sub_acc:0.350 H: 10.42 logL -219217.10650 --> -218813.03749 dZ: 1786.156 logZ: -219227.623 logLmax: -217434.40
2025-07-12, 13:20:29 - cpnest.NestedSampling.NestedSampler   : 228: n:  20 NS_acc:0.934 S0_acc:0.332 sub_acc:0.250 H: 10.58 logL -219128.25943 --> -217674.44847 dZ: 1697.337 logZ: -219138.834 logLmax: -217434.40
2025-07-12, 13:20:29 - cpnest.NestedSampling.NestedSampler   : 229: n:  20 NS_acc:0.935 S0_acc:0.332 sub_acc:0.250 H: 10.61 logL -218954.16388 --> -218855.83268 dZ: 1523.241 logZ: -218964.770 logLmax: -217434.40
2025-07-12, 13:20:29 - cpnest.NestedSampling.NestedSampler   : 230: n:  20 NS_acc:0.935 S0_acc:0.331 sub_acc:0.150 H: 10.64 logL -218855.83268 --> -218458.31052 dZ: 1424.910 logZ: -218866.470 logLmax: -217434.40
2025-07-12, 13:20:29 - cpnest.NestedSampling.NestedSampler   : 231: n:  20 NS_acc:0.935 S0_acc:0.330 sub_acc:0.100 H: 10.67 logL -218813.03749 --> -217452.75768 dZ: 1382.115 logZ: -218823.706 logLmax: -217434.40
2025-07-12, 13:20:29 - cpnest.NestedSampling.NestedSampler   : 232: n:  20 NS_acc:0.935 S0_acc:0.329 sub_acc:0.200 H: 10.70 logL -218797.54203 --> -217581.55417 dZ: 1366.619 logZ: -218808.242 logLmax: -217434.40
2025-07-12, 13:20:29 - cpnest.NestedSampling.NestedSampler   : 233: n:  40 NS_acc:0.932 S0_acc:0.326 sub_acc:0.150 H: 10.73 logL -218766.76022 --> -217596.11662 dZ: 1335.838 logZ: -218777.492 logLmax: -217434.40
2025-07-12, 13:20:29 - cpnest.NestedSampling.NestedSampler   : 234: n:  20 NS_acc:0.932 S0_acc:0.325 sub_acc:0.100 H: 10.76 logL -218665.69261 --> -217479.05080 dZ: 1234.770 logZ: -218676.455 logLmax: -217434.40
2025-07-12, 13:20:29 - cpnest.NestedSampling.NestedSampler   : 235: n:  20 NS_acc:0.933 S0_acc:0.325 sub_acc:0.200 H: 10.79 logL -218570.74280 --> -217436.00230 dZ: 1139.820 logZ: -218581.537 logLmax: -217434.40
2025-07-12, 13:20:29 - cpnest.NestedSampling.NestedSampler   : 236: n:  20 NS_acc:0.933 S0_acc:0.324 sub_acc:0.100 H: 10.83 logL -218552.60851 --> -217667.20195 dZ: 1121.686 logZ: -218563.434 logLmax: -217434.40
2025-07-12, 13:20:29 - cpnest.NestedSampling.NestedSampler   : 237: n:  29 NS_acc:0.933 S0_acc:0.323 sub_acc:0.034 H: 10.86 logL -218481.34710 --> -217615.09547 dZ: 1050.425 logZ: -218492.203 logLmax: -217434.40
2025-07-12, 13:20:29 - cpnest.sampler.Sampler                : Sampler 3743796 -- ACL(phi_mrg_22)  = 14.99928362416325
2025-07-12, 13:20:29 - cpnest.NestedSampling.NestedSampler   : 238: n:  20 NS_acc:0.933 S0_acc:0.323 sub_acc:0.450 H: 10.89 logL -218458.31052 --> -217511.08448 dZ: 1027.388 logZ: -218469.198 logLmax: -217434.40
2025-07-12, 13:20:29 - cpnest.NestedSampling.NestedSampler   : 239: n:  21 NS_acc:0.934 S0_acc:0.322 sub_acc:0.048 H: 10.92 logL -218393.58196 --> -217469.41780 dZ: 962.659 logZ: -218404.501 logLmax: -217434.40
2025-07-12, 13:20:29 - cpnest.NestedSampling.NestedSampler   : 240: n:  20 NS_acc:0.934 S0_acc:0.322 sub_acc:0.250 H: 10.95 logL -218321.89923 --> -217664.13246 dZ: 890.977 logZ: -218332.849 logLmax: -217434.40
2025-07-12, 13:20:29 - cpnest.NestedSampling.NestedSampler   : 241: n:  23 NS_acc:0.934 S0_acc:0.321 sub_acc:0.043 H: 10.98 logL -218287.49518 --> -217868.45986 dZ: 856.573 logZ: -218298.476 logLmax: -217434.40
2025-07-12, 13:20:29 - cpnest.NestedSampling.NestedSampler   : 242: n:  20 NS_acc:0.934 S0_acc:0.320 sub_acc:0.200 H: 11.01 logL -218253.12998 --> -218120.74617 dZ: 822.207 logZ: -218264.143 logLmax: -217434.40
2025-07-12, 13:20:29 - cpnest.NestedSampling.NestedSampler   : 243: n:  20 NS_acc:0.935 S0_acc:0.319 sub_acc:0.050 H: 11.04 logL -218120.74617 --> -217564.26692 dZ: 689.824 logZ: -218131.790 logLmax: -217434.40
2025-07-12, 13:20:29 - cpnest.NestedSampling.NestedSampler   : 244: n:  20 NS_acc:0.935 S0_acc:0.319 sub_acc:0.250 H: 11.04 logL -218115.37942 --> -217502.54738 dZ: 684.452 logZ: -218126.450 logLmax: -217434.40
2025-07-12, 13:20:29 - cpnest.NestedSampling.NestedSampler   : 245: n:  20 NS_acc:0.935 S0_acc:0.318 sub_acc:0.200 H: 11.11 logL -218095.51590 --> -217481.12068 dZ: 664.593 logZ: -218106.622 logLmax: -217434.40
2025-07-12, 13:20:29 - cpnest.NestedSampling.NestedSampler   : 246: n:  20 NS_acc:0.935 S0_acc:0.318 sub_acc:0.150 H: 10.57 logL -218094.36150 --> -217804.75004 dZ: 663.157 logZ: -218105.217 logLmax: -217434.40
2025-07-12, 13:20:29 - cpnest.NestedSampling.NestedSampler   : 247: n:  22 NS_acc:0.936 S0_acc:0.317 sub_acc:0.045 H: 11.17 logL -217990.35653 --> -217700.52775 dZ: 559.434 logZ: -218001.525 logLmax: -217434.40
2025-07-12, 13:20:29 - cpnest.NestedSampling.NestedSampler   : 248: n:  20 NS_acc:0.936 S0_acc:0.317 sub_acc:0.200 H: 11.20 logL -217884.93737 --> -217561.41140 dZ: 454.015 logZ: -217896.137 logLmax: -217434.40
2025-07-12, 13:20:29 - cpnest.NestedSampling.NestedSampler   : 249: n:  20 NS_acc:0.936 S0_acc:0.316 sub_acc:0.050 H: 11.23 logL -217872.75981 --> -217636.24103 dZ: 441.839 logZ: -217883.991 logLmax: -217434.40
2025-07-12, 13:20:29 - cpnest.NestedSampling.NestedSampler   : 250: n:  20 NS_acc:0.936 S0_acc:0.316 sub_acc:0.250 H: 11.19 logL -217868.45986 --> -217435.72925 dZ: 437.525 logZ: -217879.709 logLmax: -217434.40
2025-07-12, 13:20:29 - cpnest.NestedSampling.NestedSampler   : 251: n:  20 NS_acc:0.937 S0_acc:0.315 sub_acc:0.200 H: 11.29 logL -217829.18627 --> -217622.11116 dZ: 398.266 logZ: -217840.480 logLmax: -217434.40
2025-07-12, 13:20:29 - cpnest.NestedSampling.NestedSampler   : 252: n:  20 NS_acc:0.937 S0_acc:0.315 sub_acc:0.300 H: 11.33 logL -217804.75004 --> -217613.76795 dZ: 373.829 logZ: -217816.075 logLmax: -217434.40
2025-07-12, 13:20:29 - cpnest.NestedSampling.NestedSampler   : 253: n:  20 NS_acc:0.937 S0_acc:0.315 sub_acc:0.100 H: 11.36 logL -217708.52388 --> -217494.85482 dZ: 277.603 logZ: -217719.880 logLmax: -217434.35
2025-07-12, 13:20:29 - cpnest.sampler.Sampler                : Sampler 3743796 -- ACL(phi_mrg_22)  = 10.758833612562519
2025-07-12, 13:20:29 - cpnest.NestedSampling.NestedSampler   : 254: n:  20 NS_acc:0.937 S0_acc:0.314 sub_acc:0.200 H: 11.38 logL -217700.52775 --> -217453.03855 dZ: 269.661 logZ: -217711.915 logLmax: -217434.35
2025-07-12, 13:20:29 - cpnest.NestedSampling.NestedSampler   : 255: n:  20 NS_acc:0.938 S0_acc:0.314 sub_acc:0.250 H: 11.42 logL -217674.44847 --> -217507.75554 dZ: 243.582 logZ: -217685.867 logLmax: -217434.35
2025-07-12, 13:20:29 - cpnest.NestedSampling.NestedSampler   : 256: n:  20 NS_acc:0.938 S0_acc:0.313 sub_acc:0.150 H: 11.44 logL -217667.20195 --> -217456.61636 dZ: 236.335 logZ: -217678.651 logLmax: -217434.35
2025-07-12, 13:20:29 - cpnest.NestedSampling.NestedSampler   : Rolling KS test: D=0.14, p-value=0.511
2025-07-12, 13:20:29 - cpnest.NestedSampling.NestedSampler   : 257: n:  20 NS_acc:0.938 S0_acc:0.313 sub_acc:0.200 H: 11.29 logL -217664.13246 --> -217564.97530 dZ: 233.219 logZ: -217675.567 logLmax: -217434.35
2025-07-12, 13:20:29 - cpnest.NestedSampling.NestedSampler   : 258: n:  20 NS_acc:0.938 S0_acc:0.312 sub_acc:0.100 H: 11.51 logL -217636.24103 --> -217580.39946 dZ: 205.374 logZ: -217647.754 logLmax: -217434.35
2025-07-12, 13:20:29 - cpnest.NestedSampling.NestedSampler   : 259: n:  20 NS_acc:0.938 S0_acc:0.311 sub_acc:0.250 H: 11.54 logL -217622.11116 --> -217479.15831 dZ: 191.245 logZ: -217633.655 logLmax: -217434.35
2025-07-12, 13:20:29 - cpnest.NestedSampling.NestedSampler   : 260: n:  40 NS_acc:0.935 S0_acc:0.310 sub_acc:0.100 H: 11.57 logL -217615.09547 --> -217540.20443 dZ: 184.228 logZ: -217626.670 logLmax: -217434.35
2025-07-12, 13:20:29 - cpnest.NestedSampling.NestedSampler   : 261: n:  40 NS_acc:0.932 S0_acc:0.308 sub_acc:0.100 H: 11.08 logL -217613.76795 --> -217455.36626 dZ: 182.659 logZ: -217625.132 logLmax: -217434.35
2025-07-12, 13:20:29 - cpnest.NestedSampling.NestedSampler   : 262: n:  20 NS_acc:0.932 S0_acc:0.308 sub_acc:0.450 H: 11.23 logL -217611.39800 --> -217439.07297 dZ: 180.415 logZ: -217622.920 logLmax: -217434.35
2025-07-12, 13:20:29 - cpnest.NestedSampling.NestedSampler   : 263: n:  20 NS_acc:0.933 S0_acc:0.308 sub_acc:0.350 H: 11.66 logL -217604.16626 --> -217568.09250 dZ: 173.299 logZ: -217615.834 logLmax: -217434.35
2025-07-12, 13:20:29 - cpnest.NestedSampling.NestedSampler   : 264: n:  20 NS_acc:0.933 S0_acc:0.307 sub_acc:0.300 H: 11.70 logL -217596.11662 --> -217442.89221 dZ: 165.250 logZ: -217607.816 logLmax: -217434.35
2025-07-12, 13:20:29 - cpnest.NestedSampling.NestedSampler   : 265: n:  20 NS_acc:0.933 S0_acc:0.306 sub_acc:0.100 H: 11.73 logL -217581.55417 --> -217440.07827 dZ: 150.688 logZ: -217593.285 logLmax: -217434.35
2025-07-12, 13:20:29 - cpnest.NestedSampling.NestedSampler   : 266: n:  20 NS_acc:0.933 S0_acc:0.306 sub_acc:0.150 H: 11.20 logL -217580.39946 --> -217454.04523 dZ: 149.251 logZ: -217591.881 logLmax: -217434.35
2025-07-12, 13:20:29 - cpnest.NestedSampling.NestedSampler   : 267: n:  20 NS_acc:0.934 S0_acc:0.305 sub_acc:0.250 H: 11.79 logL -217568.47709 --> -217436.76938 dZ: 137.610 logZ: -217580.271 logLmax: -217434.35
2025-07-12, 13:20:29 - cpnest.sampler.Sampler                : Sampler 3743796 -- ACL(phi_mrg_22)  = 21.452551242524226
2025-07-12, 13:20:29 - cpnest.NestedSampling.NestedSampler   : 268: n:  21 NS_acc:0.934 S0_acc:0.305 sub_acc:0.190 H: 11.13 logL -217568.09250 --> -217506.38070 dZ: 136.694 logZ: -217579.386 logLmax: -217434.35
2025-07-12, 13:20:29 - cpnest.NestedSampling.NestedSampler   : 269: n:  42 NS_acc:0.931 S0_acc:0.304 sub_acc:0.333 H: 11.55 logL -217564.97530 --> -217434.60591 dZ: 134.034 logZ: -217576.757 logLmax: -217434.35
2025-07-12, 13:20:29 - cpnest.NestedSampling.NestedSampler   : 270: n:  21 NS_acc:0.931 S0_acc:0.303 sub_acc:0.286 H: 11.12 logL -217564.26692 --> -217441.64920 dZ: 132.964 logZ: -217575.718 logLmax: -217434.35
2025-07-12, 13:20:29 - cpnest.NestedSampling.NestedSampler   : 271: n:  84 NS_acc:0.922 S0_acc:0.301 sub_acc:0.286 H: 11.56 logL -217561.41140 --> -217537.77425 dZ: 130.457 logZ: -217573.242 logLmax: -217434.35
2025-07-12, 13:20:29 - cpnest.NestedSampling.NestedSampler   : 272: n:  21 NS_acc:0.922 S0_acc:0.300 sub_acc:0.190 H: 11.95 logL -217552.28840 --> -217528.32835 dZ: 121.422 logZ: -217564.238 logLmax: -217434.35
2025-07-12, 13:20:29 - cpnest.NestedSampling.NestedSampler   : 273: n:  21 NS_acc:0.922 S0_acc:0.300 sub_acc:0.333 H: 11.98 logL -217540.20443 --> -217439.45026 dZ: 109.338 logZ: -217552.186 logLmax: -217434.35
2025-07-12, 13:20:30 - cpnest.NestedSampling.NestedSampler   : 274: n:  21 NS_acc:0.923 S0_acc:0.300 sub_acc:0.238 H: 11.72 logL -217537.77425 --> -217522.15650 dZ: 106.821 logZ: -217549.700 logLmax: -217434.35
2025-07-12, 13:20:30 - cpnest.NestedSampling.NestedSampler   : 275: n:  21 NS_acc:0.923 S0_acc:0.300 sub_acc:0.286 H: 12.04 logL -217528.32835 --> -217435.23976 dZ: 97.462 logZ: -217540.372 logLmax: -217434.35
2025-07-12, 13:20:30 - cpnest.NestedSampling.NestedSampler   : 276: n:  21 NS_acc:0.923 S0_acc:0.299 sub_acc:0.238 H: 11.56 logL -217526.92913 --> -217490.95829 dZ: 95.836 logZ: -217538.777 logLmax: -217434.23
2025-07-12, 13:20:30 - cpnest.NestedSampling.NestedSampler   : 277: n:  21 NS_acc:0.923 S0_acc:0.298 sub_acc:0.143 H: 12.04 logL -217522.15650 --> -217434.87521 dZ: 91.398 logZ: -217534.252 logLmax: -217434.23
2025-07-12, 13:20:30 - cpnest.NestedSampling.NestedSampler   : 278: n:  23 NS_acc:0.924 S0_acc:0.298 sub_acc:0.043 H: 12.14 logL -217511.08448 --> -217489.04067 dZ: 80.337 logZ: -217523.222 logLmax: -217434.22
2025-07-12, 13:20:30 - cpnest.sampler.Sampler                : Sampler 3743796 -- ACL(phi_mrg_22)  = 28.84308738292939
2025-07-12, 13:20:30 - cpnest.NestedSampling.NestedSampler   : 279: n:  56 NS_acc:0.921 S0_acc:0.297 sub_acc:0.250 H: 12.01 logL -217507.75554 --> -217459.05540 dZ: 76.979 logZ: -217519.888 logLmax: -217434.22
2025-07-12, 13:20:30 - cpnest.NestedSampling.NestedSampler   : 280: n:  28 NS_acc:0.921 S0_acc:0.296 sub_acc:0.250 H: 11.64 logL -217506.38070 --> -217472.03015 dZ: 75.401 logZ: -217518.341 logLmax: -217434.22
2025-07-12, 13:20:30 - cpnest.NestedSampling.NestedSampler   : 281: n:  28 NS_acc:0.921 S0_acc:0.296 sub_acc:0.393 H: 12.09 logL -217502.54738 --> -217459.78058 dZ: 71.779 logZ: -217514.751 logLmax: -217434.22
2025-07-12, 13:20:30 - cpnest.NestedSampling.NestedSampler   : 282: n:  28 NS_acc:0.922 S0_acc:0.296 sub_acc:0.393 H: 12.26 logL -217494.85482 --> -217472.00905 dZ: 64.114 logZ: -217507.117 logLmax: -217434.22
2025-07-12, 13:20:30 - cpnest.NestedSampling.NestedSampler   : 283: n:  28 NS_acc:0.922 S0_acc:0.296 sub_acc:0.214 H: 12.19 logL -217490.95829 --> -217443.63965 dZ: 60.197 logZ: -217503.231 logLmax: -217434.22
2025-07-12, 13:20:30 - cpnest.NestedSampling.NestedSampler   : 284: n:  28 NS_acc:0.922 S0_acc:0.295 sub_acc:0.179 H: 11.91 logL -217489.04067 --> -217436.36623 dZ: 58.156 logZ: -217501.222 logLmax: -217434.22
2025-07-12, 13:20:30 - cpnest.NestedSampling.NestedSampler   : 285: n:  28 NS_acc:0.922 S0_acc:0.295 sub_acc:0.286 H: 12.06 logL -217486.31823 --> -217440.34785 dZ: 55.503 logZ: -217498.599 logLmax: -217434.22
2025-07-12, 13:20:30 - cpnest.NestedSampling.NestedSampler   : 286: n:  28 NS_acc:0.923 S0_acc:0.295 sub_acc:0.036 H: 12.35 logL -217481.12068 --> -217442.52276 dZ: 50.374 logZ: -217493.502 logLmax: -217434.21
2025-07-12, 13:20:30 - cpnest.NestedSampling.NestedSampler   : 287: n:  28 NS_acc:0.923 S0_acc:0.295 sub_acc:0.214 H: 12.03 logL -217479.15831 --> -217453.44079 dZ: 48.292 logZ: -217491.441 logLmax: -217434.21
2025-07-12, 13:20:30 - cpnest.NestedSampling.NestedSampler   : 288: n:  28 NS_acc:0.923 S0_acc:0.294 sub_acc:0.214 H: 11.54 logL -217479.05080 --> -217435.61801 dZ: 47.597 logZ: -217490.777 logLmax: -217434.21
2025-07-12, 13:20:30 - cpnest.NestedSampling.NestedSampler   : Rolling KS test: D=0.114, p-value=0.759
2025-07-12, 13:20:30 - cpnest.NestedSampling.NestedSampler   : 289: n:  28 NS_acc:0.923 S0_acc:0.294 sub_acc:0.179 H: 12.12 logL -217475.88392 --> -217436.84498 dZ: 45.068 logZ: -217488.279 logLmax: -217434.21
2025-07-12, 13:20:30 - cpnest.NestedSampling.NestedSampler   : 290: n:  28 NS_acc:0.924 S0_acc:0.294 sub_acc:0.250 H: 12.39 logL -217472.03015 --> -217438.99143 dZ: 41.277 logZ: -217484.519 logLmax: -217434.21
2025-07-12, 13:20:30 - cpnest.NestedSampling.NestedSampler   : 291: n:  56 NS_acc:0.921 S0_acc:0.293 sub_acc:0.143 H: 11.77 logL -217472.00905 --> -217434.65405 dZ: 40.569 logZ: -217483.843 logLmax: -217434.21
2025-07-12, 13:20:30 - cpnest.NestedSampling.NestedSampler   : 292: n:  28 NS_acc:0.921 S0_acc:0.292 sub_acc:0.250 H: 12.07 logL -217469.41780 --> -217434.47876 dZ: 38.542 logZ: -217481.847 logLmax: -217434.21
2025-07-12, 13:20:30 - cpnest.sampler.Sampler                : Sampler 3743796 -- ACL(phi_mrg_22)  = 26.84720848267469
2025-07-12, 13:20:30 - cpnest.NestedSampling.NestedSampler   : 293: n:  52 NS_acc:0.918 S0_acc:0.291 sub_acc:0.269 H: 12.61 logL -217459.78058 --> -217447.54256 dZ: 29.051 logZ: -217472.387 logLmax: -217434.21
2025-07-12, 13:20:30 - cpnest.NestedSampling.NestedSampler   : 294: n:  26 NS_acc:0.919 S0_acc:0.291 sub_acc:0.231 H: 11.99 logL -217459.05540 --> -217453.39930 dZ: 27.920 logZ: -217471.288 logLmax: -217434.21
2025-07-12, 13:20:30 - cpnest.NestedSampling.NestedSampler   : 295: n:  52 NS_acc:0.916 S0_acc:0.290 sub_acc:0.308 H: 12.22 logL -217456.61636 --> -217436.85766 dZ: 25.760 logZ: -217469.159 logLmax: -217434.21
2025-07-12, 13:20:30 - cpnest.NestedSampling.NestedSampler   : 296: n:  26 NS_acc:0.916 S0_acc:0.289 sub_acc:0.231 H: 12.02 logL -217455.36626 --> -217439.37771 dZ: 24.347 logZ: -217467.777 logLmax: -217434.21
2025-07-12, 13:20:30 - cpnest.NestedSampling.NestedSampler   : 297: n:  26 NS_acc:0.917 S0_acc:0.289 sub_acc:0.346 H: 11.96 logL -217454.04523 --> -217437.07781 dZ: 23.002 logZ: -217466.463 logLmax: -217434.21
2025-07-12, 13:20:30 - cpnest.NestedSampling.NestedSampler   : 298: n:  26 NS_acc:0.917 S0_acc:0.289 sub_acc:0.231 H: 11.73 logL -217453.44079 --> -217435.50080 dZ: 22.139 logZ: -217465.632 logLmax: -217434.21
2025-07-12, 13:20:30 - cpnest.NestedSampling.NestedSampler   : 299: n:  26 NS_acc:0.917 S0_acc:0.288 sub_acc:0.115 H: 11.46 logL -217453.39930 --> -217451.51233 dZ: 21.657 logZ: -217465.180 logLmax: -217434.21
2025-07-12, 13:20:30 - cpnest.NestedSampling.NestedSampler   : 300: n:  26 NS_acc:0.917 S0_acc:0.287 sub_acc:0.038 H: 11.28 logL -217453.03855 --> -217439.71117 dZ: 21.217 logZ: -217464.772 logLmax: -217434.21
2025-07-12, 13:20:30 - cpnest.NestedSampling.NestedSampler   : 301: n:  52 NS_acc:0.915 S0_acc:0.286 sub_acc:0.038 H: 11.14 logL -217452.75768 --> -217440.95914 dZ: 20.827 logZ: -217464.413 logLmax: -217434.21
2025-07-12, 13:20:30 - cpnest.NestedSampling.NestedSampler   : 302: n:  26 NS_acc:0.915 S0_acc:0.286 sub_acc:0.154 H: 11.33 logL -217451.51233 --> -217436.65513 dZ: 20.097 logZ: -217463.714 logLmax: -217434.21
2025-07-12, 13:20:30 - cpnest.NestedSampling.NestedSampler   : 303: n:  26 NS_acc:0.915 S0_acc:0.285 sub_acc:0.231 H: 12.70 logL -217447.54256 --> -217434.25590 dZ: 16.776 logZ: -217460.423 logLmax: -217434.21
2025-07-12, 13:20:30 - cpnest.NestedSampling.NestedSampler   : 304: n:  26 NS_acc:0.916 S0_acc:0.285 sub_acc:0.192 H: 12.84 logL -217443.63965 --> -217439.60220 dZ: 12.889 logZ: -217456.568 logLmax: -217434.21
2025-07-12, 13:20:30 - cpnest.NestedSampling.NestedSampler   : 305: n:  26 NS_acc:0.916 S0_acc:0.284 sub_acc:0.038 H: 12.30 logL -217442.89221 --> -217441.91931 dZ: 11.758 logZ: -217455.469 logLmax: -217434.21
2025-07-12, 13:20:30 - cpnest.NestedSampling.NestedSampler   : 306: n:  26 NS_acc:0.916 S0_acc:0.284 sub_acc:0.115 H: 11.95 logL -217442.52276 --> -217436.99798 dZ: 11.067 logZ: -217454.808 logLmax: -217434.21
2025-07-12, 13:20:30 - cpnest.sampler.Sampler                : Sampler 3743796 -- ACL(phi_mrg_22)  = 27.788652553457
2025-07-12, 13:20:30 - cpnest.NestedSampling.NestedSampler   : 307: n:  54 NS_acc:0.914 S0_acc:0.283 sub_acc:0.111 H: 11.77 logL -217441.91931 --> -217441.45055 dZ: 10.417 logZ: -217454.190 logLmax: -217434.21
2025-07-12, 13:20:30 - cpnest.NestedSampling.NestedSampler   : 308: n:  27 NS_acc:0.914 S0_acc:0.283 sub_acc:0.148 H: 11.59 logL -217441.64920 --> -217434.21050 dZ: 9.924 logZ: -217453.728 logLmax: -217434.21
2025-07-12, 13:20:30 - cpnest.NestedSampling.NestedSampler   : 309: n:  27 NS_acc:0.914 S0_acc:0.282 sub_acc:0.148 H: 11.44 logL -217441.45055 --> -217440.46121 dZ: 9.531 logZ: -217453.366 logLmax: -217434.21
2025-07-12, 13:20:30 - cpnest.NestedSampling.NestedSampler   : 310: n:  27 NS_acc:0.914 S0_acc:0.282 sub_acc:0.222 H: 11.36 logL -217440.95914 --> -217438.69442 dZ: 9.106 logZ: -217452.973 logLmax: -217434.21
2025-07-12, 13:20:30 - cpnest.NestedSampling.NestedSampler   : 311: n:  27 NS_acc:0.915 S0_acc:0.282 sub_acc:0.407 H: 11.34 logL -217440.46121 --> -217434.83641 dZ: 8.658 logZ: -217452.555 logLmax: -217434.21
2025-07-12, 13:20:30 - cpnest.NestedSampling.NestedSampler   : 312: n:  27 NS_acc:0.915 S0_acc:0.282 sub_acc:0.185 H: 11.26 logL -217440.34785 --> -217434.21090 dZ: 8.311 logZ: -217452.240 logLmax: -217434.21
2025-07-12, 13:20:30 - cpnest.NestedSampling.NestedSampler   : 313: n:  27 NS_acc:0.915 S0_acc:0.282 sub_acc:0.296 H: 11.19 logL -217440.07827 --> -217434.33079 dZ: 7.985 logZ: -217451.945 logLmax: -217434.21
2025-07-12, 13:20:30 - cpnest.NestedSampling.NestedSampler   : 314: n:  27 NS_acc:0.915 S0_acc:0.282 sub_acc:0.148 H: 11.16 logL -217439.71117 --> -217434.80189 dZ: 7.648 logZ: -217451.639 logLmax: -217434.21
2025-07-12, 13:20:31 - cpnest.NestedSampling.NestedSampler   : 315: n:  27 NS_acc:0.916 S0_acc:0.282 sub_acc:0.185 H: 11.10 logL -217439.60220 --> -217434.35403 dZ: 7.367 logZ: -217451.389 logLmax: -217434.21
2025-07-12, 13:20:31 - cpnest.NestedSampling.NestedSampler   : 316: n:  27 NS_acc:0.916 S0_acc:0.282 sub_acc:0.259 H: 11.05 logL -217439.45026 --> -217434.59738 dZ: 7.113 logZ: -217451.166 logLmax: -217434.21
2025-07-12, 13:20:31 - cpnest.NestedSampling.NestedSampler   : 317: n:  27 NS_acc:0.916 S0_acc:0.281 sub_acc:0.259 H: 10.99 logL -217439.37771 --> -217434.34185 dZ: 6.892 logZ: -217450.977 logLmax: -217434.21
2025-07-12, 13:20:31 - cpnest.NestedSampling.NestedSampler   : 318: n:  27 NS_acc:0.916 S0_acc:0.281 sub_acc:0.111 H: 10.95 logL -217439.07297 --> -217434.32002 dZ: 6.657 logZ: -217450.772 logLmax: -217434.21
2025-07-12, 13:20:31 - cpnest.NestedSampling.NestedSampler   : 319: n:  54 NS_acc:0.914 S0_acc:0.280 sub_acc:0.111 H: 10.91 logL -217438.99143 --> -217434.22196 dZ: 6.448 logZ: -217450.595 logLmax: -217434.21
2025-07-12, 13:20:31 - cpnest.NestedSampling.NestedSampler   : 320: n:  27 NS_acc:0.914 S0_acc:0.279 sub_acc:0.259 H: 10.89 logL -217438.69442 --> -217436.33382 dZ: 6.225 logZ: -217450.402 logLmax: -217434.21
2025-07-12, 13:20:31 - cpnest.NestedSampling.NestedSampler   : Rolling KS test: D=0.183, p-value=0.205
2025-07-12, 13:20:31 - cpnest.NestedSampling.NestedSampler   : 321: n:  27 NS_acc:0.915 S0_acc:0.279 sub_acc:0.259 H: 11.25 logL -217437.33175 --> -217434.81559 dZ: 5.686 logZ: -217449.893 logLmax: -217434.21
2025-07-12, 13:20:31 - cpnest.NestedSampling.NestedSampler   : 322: n:  27 NS_acc:0.915 S0_acc:0.278 sub_acc:0.185 H: 11.37 logL -217437.07781 --> -217434.95009 dZ: 5.253 logZ: -217449.489 logLmax: -217434.21
2025-07-12, 13:20:31 - cpnest.NestedSampling.NestedSampler   : 323: n:  27 NS_acc:0.915 S0_acc:0.278 sub_acc:0.407 H: 11.36 logL -217436.99798 --> -217434.90847 dZ: 4.924 logZ: -217449.190 logLmax: -217434.21
2025-07-12, 13:20:31 - cpnest.NestedSampling.NestedSampler   : 324: n:  27 NS_acc:0.915 S0_acc:0.278 sub_acc:0.259 H: 11.32 logL -217436.85766 --> -217435.44695 dZ: 4.642 logZ: -217448.936 logLmax: -217434.21
2025-07-12, 13:20:31 - cpnest.NestedSampling.NestedSampler   : 325: n:  27 NS_acc:0.915 S0_acc:0.278 sub_acc:0.185 H: 11.26 logL -217436.84498 --> -217434.27213 dZ: 4.414 logZ: -217448.738 logLmax: -217434.21
2025-07-12, 13:20:31 - cpnest.sampler.Sampler                : Sampler 3743796 -- ACL(phi_mrg_22)  = 11.49212257537534
2025-07-12, 13:20:31 - cpnest.NestedSampling.NestedSampler   : 326: n:  20 NS_acc:0.916 S0_acc:0.278 sub_acc:0.250 H: 11.20 logL -217436.76938 --> -217435.11289 dZ: 4.213 logZ: -217448.565 logLmax: -217434.21
2025-07-12, 13:20:31 - cpnest.NestedSampling.NestedSampler   : 327: n:  20 NS_acc:0.916 S0_acc:0.277 sub_acc:0.100 H: 11.15 logL -217436.65513 --> -217434.42525 dZ: 4.026 logZ: -217448.406 logLmax: -217434.21
2025-07-12, 13:20:31 - cpnest.NestedSampling.NestedSampler   : 328: n:  20 NS_acc:0.916 S0_acc:0.277 sub_acc:0.250 H: 11.12 logL -217436.36623 --> -217434.46955 dZ: 3.825 logZ: -217448.232 logLmax: -217434.21
2025-07-12, 13:20:31 - cpnest.NestedSampling.NestedSampler   : 329: n:  20 NS_acc:0.916 S0_acc:0.277 sub_acc:0.200 H: 11.08 logL -217436.33382 --> -217434.65297 dZ: 3.650 logZ: -217448.084 logLmax: -217434.21
2025-07-12, 13:20:31 - cpnest.NestedSampling.NestedSampler   : 330: n:  20 NS_acc:0.917 S0_acc:0.277 sub_acc:0.250 H: 11.06 logL -217436.00230 --> -217434.32087 dZ: 3.454 logZ: -217447.913 logLmax: -217434.21
2025-07-12, 13:20:31 - cpnest.NestedSampling.NestedSampler   : 331: n:  40 NS_acc:0.914 S0_acc:0.276 sub_acc:0.200 H: 11.07 logL -217435.72925 --> -217434.51260 dZ: 3.248 logZ: -217447.731 logLmax: -217434.21
2025-07-12, 13:20:31 - cpnest.NestedSampling.NestedSampler   : 332: n:  20 NS_acc:0.915 S0_acc:0.276 sub_acc:0.200 H: 11.06 logL -217435.61801 --> -217434.25634 dZ: 3.059 logZ: -217447.565 logLmax: -217434.21
2025-07-12, 13:20:31 - cpnest.NestedSampling.NestedSampler   : 333: n:  40 NS_acc:0.912 S0_acc:0.275 sub_acc:0.300 H: 11.05 logL -217435.50080 --> -217434.22023 dZ: 2.883 logZ: -217447.411 logLmax: -217434.21
2025-07-12, 13:20:31 - cpnest.NestedSampling.NestedSampler   : 334: n:  20 NS_acc:0.913 S0_acc:0.275 sub_acc:0.050 H: 11.03 logL -217435.44695 --> -217434.96616 dZ: 2.726 logZ: -217447.274 logLmax: -217434.21
2025-07-12, 13:20:31 - cpnest.NestedSampling.NestedSampler   : 335: n:  40 NS_acc:0.910 S0_acc:0.274 sub_acc:0.150 H: 11.01 logL -217435.31216 --> -217434.43655 dZ: 2.574 logZ: -217447.142 logLmax: -217434.21
2025-07-12, 13:20:31 - cpnest.NestedSampling.NestedSampler   : 336: n:  20 NS_acc:0.911 S0_acc:0.273 sub_acc:0.100 H: 10.99 logL -217435.23976 --> -217434.28545 dZ: 2.434 logZ: -217447.021 logLmax: -217434.21
2025-07-12, 13:20:31 - cpnest.NestedSampling.NestedSampler   : 337: n:  20 NS_acc:0.911 S0_acc:0.273 sub_acc:0.150 H: 10.98 logL -217435.11289 --> -217434.32020 dZ: 2.298 logZ: -217446.902 logLmax: -217434.21
2025-07-12, 13:20:31 - cpnest.NestedSampling.NestedSampler   : 338: n:  20 NS_acc:0.911 S0_acc:0.273 sub_acc:0.300 H: 10.97 logL -217434.96616 --> -217434.54789 dZ: 2.165 logZ: -217446.784 logLmax: -217434.21
2025-07-12, 13:20:31 - cpnest.sampler.Sampler                : Sampler 3743796 -- ACL(phi_mrg_22)  = 18.632208010376395
2025-07-12, 13:20:31 - cpnest.NestedSampling.NestedSampler   : 339: n:  20 NS_acc:0.911 S0_acc:0.272 sub_acc:0.150 H: 10.95 logL -217434.95009 --> -217434.48574 dZ: 2.046 logZ: -217446.680 logLmax: -217434.21
2025-07-12, 13:20:31 - cpnest.NestedSampling.NestedSampler   : 340: n:  20 NS_acc:0.912 S0_acc:0.272 sub_acc:0.200 H: 10.93 logL -217434.93799 --> -217434.23856 dZ: 1.939 logZ: -217446.588 logLmax: -217434.21
2025-07-12, 13:20:31 - cpnest.NestedSampling.NestedSampler   : 341: n:  40 NS_acc:0.909 S0_acc:0.271 sub_acc:0.250 H: 10.90 logL -217434.90847 --> -217434.42926 dZ: 1.840 logZ: -217446.503 logLmax: -217434.21
2025-07-12, 13:20:31 - cpnest.NestedSampling.NestedSampler   : 342: n:  20 NS_acc:0.910 S0_acc:0.271 sub_acc:0.100 H: 10.88 logL -217434.87521 --> -217434.62013 dZ: 1.749 logZ: -217446.425 logLmax: -217434.21
2025-07-12, 13:20:31 - cpnest.NestedSampling.NestedSampler   : 343: n:  20 NS_acc:0.910 S0_acc:0.270 sub_acc:0.200 H: 10.86 logL -217434.83641 --> -217434.50534 dZ: 1.664 logZ: -217446.352 logLmax: -217434.21
2025-07-12, 13:20:32 - cpnest.NestedSampling.NestedSampler   : 344: n:  20 NS_acc:0.910 S0_acc:0.270 sub_acc:0.150 H: 10.83 logL -217434.81559 --> -217434.70150 dZ: 1.585 logZ: -217446.284 logLmax: -217434.21
2025-07-12, 13:20:32 - cpnest.NestedSampling.NestedSampler   : 345: n:  40 NS_acc:0.908 S0_acc:0.269 sub_acc:0.100 H: 10.81 logL -217434.80189 --> -217434.78386 dZ: 1.511 logZ: -217446.222 logLmax: -217434.21
2025-07-12, 13:20:32 - cpnest.NestedSampling.NestedSampler   : 346: n:  20 NS_acc:0.908 S0_acc:0.269 sub_acc:0.050 H: 10.79 logL -217434.78386 --> -217434.36568 dZ: 1.443 logZ: -217446.165 logLmax: -217434.21
2025-07-12, 13:20:32 - cpnest.NestedSampling.NestedSampler   : 347: n:  20 NS_acc:0.908 S0_acc:0.269 sub_acc:0.400 H: 10.77 logL -217434.70150 --> -217434.22271 dZ: 1.376 logZ: -217446.107 logLmax: -217434.21
2025-07-12, 13:20:32 - cpnest.NestedSampling.NestedSampler   : 348: n:  40 NS_acc:0.906 S0_acc:0.268 sub_acc:0.300 H: 10.75 logL -217434.65405 --> -217434.44304 dZ: 1.312 logZ: -217446.052 logLmax: -217434.21
2025-07-12, 13:20:32 - cpnest.NestedSampling.NestedSampler   : 349: n:  20 NS_acc:0.906 S0_acc:0.267 sub_acc:0.050 H: 10.73 logL -217434.65297 --> -217434.26273 dZ: 1.253 logZ: -217446.002 logLmax: -217434.21
2025-07-12, 13:20:32 - cpnest.NestedSampling.NestedSampler   : 350: n:  20 NS_acc:0.907 S0_acc:0.267 sub_acc:0.400 H: 10.71 logL -217434.62013 --> -217434.47035 dZ: 1.197 logZ: -217445.953 logLmax: -217434.21
2025-07-12, 13:20:32 - cpnest.NestedSampling.NestedSampler   : 351: n:  20 NS_acc:0.907 S0_acc:0.267 sub_acc:0.300 H: 10.70 logL -217434.60591 --> -217434.26252 dZ: 1.144 logZ: -217445.908 logLmax: -217434.21
2025-07-12, 13:20:32 - cpnest.sampler.Sampler                : Sampler 3743796 -- ACL(phi_mrg_22)  = 23.952792949477917
2025-07-12, 13:20:32 - cpnest.NestedSampling.NestedSampler   : 352: n:  46 NS_acc:0.905 S0_acc:0.266 sub_acc:0.174 H: 10.68 logL -217434.59738 --> -217434.21648 dZ: 1.094 logZ: -217445.866 logLmax: -217434.21
2025-07-12, 13:20:32 - cpnest.NestedSampling.NestedSampler   : Rolling KS test: D=0.134, p-value=0.567
2025-07-12, 13:20:32 - cpnest.NestedSampling.NestedSampler   : 353: n:  23 NS_acc:0.905 S0_acc:0.266 sub_acc:0.130 H: 10.66 logL -217434.54789 --> -217434.22052 dZ: 1.047 logZ: -217445.824 logLmax: -217434.21
2025-07-12, 13:20:32 - cpnest.NestedSampling.NestedSampler   : 354: n:  23 NS_acc:0.905 S0_acc:0.265 sub_acc:0.174 H: 10.65 logL -217434.51260 --> -217434.25311 dZ: 1.001 logZ: -217445.784 logLmax: -217434.21
2025-07-12, 13:20:32 - cpnest.NestedSampling.NestedSampler   : 355: n:  23 NS_acc:0.906 S0_acc:0.265 sub_acc:0.087 H: 10.63 logL -217434.50534 --> -217434.27742 dZ: 0.958 logZ: -217445.747 logLmax: -217434.21
2025-07-12, 13:20:32 - cpnest.NestedSampling.NestedSampler   : 356: n:  23 NS_acc:0.906 S0_acc:0.265 sub_acc:0.130 H: 10.62 logL -217434.48574 --> -217434.22570 dZ: 0.917 logZ: -217445.711 logLmax: -217434.21
2025-07-12, 13:20:32 - cpnest.NestedSampling.NestedSampler   : 357: n:  46 NS_acc:0.904 S0_acc:0.264 sub_acc:0.261 H: 10.61 logL -217434.47876 --> -217434.36559 dZ: 0.879 logZ: -217445.677 logLmax: -217434.21
2025-07-12, 13:20:32 - cpnest.NestedSampling.NestedSampler   : 358: n:  23 NS_acc:0.904 S0_acc:0.264 sub_acc:0.348 H: 10.59 logL -217434.47035 --> -217434.30612 dZ: 0.842 logZ: -217445.646 logLmax: -217434.21
2025-07-12, 13:20:32 - cpnest.NestedSampling.NestedSampler   : 359: n:  23 NS_acc:0.904 S0_acc:0.263 sub_acc:0.087 H: 10.58 logL -217434.46955 --> -217434.35889 dZ: 0.808 logZ: -217445.616 logLmax: -217434.21
2025-07-12, 13:20:32 - cpnest.NestedSampling.NestedSampler   : 360: n:  23 NS_acc:0.905 S0_acc:0.263 sub_acc:0.304 H: 10.57 logL -217434.44304 --> -217434.26344 dZ: 0.775 logZ: -217445.587 logLmax: -217434.21
2025-07-12, 13:20:32 - cpnest.NestedSampling.NestedSampler   : 361: n:  23 NS_acc:0.905 S0_acc:0.264 sub_acc:0.435 H: 10.56 logL -217434.43655 --> -217434.21108 dZ: 0.744 logZ: -217445.559 logLmax: -217434.21
2025-07-12, 13:20:32 - cpnest.NestedSampling.NestedSampler   : 362: n:  23 NS_acc:0.905 S0_acc:0.263 sub_acc:0.261 H: 10.55 logL -217434.42926 --> -217434.21635 dZ: 0.714 logZ: -217445.533 logLmax: -217434.21
2025-07-12, 13:20:32 - cpnest.NestedSampling.NestedSampler   : 363: n:  23 NS_acc:0.905 S0_acc:0.263 sub_acc:0.261 H: 10.54 logL -217434.42525 --> -217434.24221 dZ: 0.686 logZ: -217445.508 logLmax: -217434.21
2025-07-12, 13:20:32 - cpnest.NestedSampling.NestedSampler   : 364: n:  23 NS_acc:0.905 S0_acc:0.263 sub_acc:0.217 H: 10.52 logL -217434.40386 --> -217434.23523 dZ: 0.659 logZ: -217445.484 logLmax: -217434.21
2025-07-12, 13:20:32 - cpnest.NestedSampling.NestedSampler   : 365: n:  23 NS_acc:0.906 S0_acc:0.263 sub_acc:0.261 H: 10.52 logL -217434.36568 --> -217434.25866 dZ: 0.633 logZ: -217445.461 logLmax: -217434.21
2025-07-12, 13:20:32 - cpnest.sampler.Sampler                : Sampler 3743796 -- ACL(phi_mrg_22)  = 16.467548452292377
2025-07-12, 13:20:32 - cpnest.NestedSampling.NestedSampler   : 366: n:  20 NS_acc:0.906 S0_acc:0.262 sub_acc:0.150 H: 10.51 logL -217434.36559 --> -217434.30742 dZ: 0.608 logZ: -217445.439 logLmax: -217434.21
2025-07-12, 13:20:32 - cpnest.NestedSampling.NestedSampler   : 367: n:  20 NS_acc:0.906 S0_acc:0.262 sub_acc:0.200 H: 10.50 logL -217434.35889 --> -217434.22052 dZ: 0.585 logZ: -217445.417 logLmax: -217434.21
2025-07-12, 13:20:32 - cpnest.NestedSampling.NestedSampler   : 368: n:  20 NS_acc:0.906 S0_acc:0.262 sub_acc:0.250 H: 10.49 logL -217434.35403 --> -217434.21294 dZ: 0.562 logZ: -217445.397 logLmax: -217434.21
2025-07-12, 13:20:32 - cpnest.NestedSampling.NestedSampler   : 369: n:  20 NS_acc:0.907 S0_acc:0.262 sub_acc:0.350 H: 10.48 logL -217434.34185 --> -217434.22396 dZ: 0.540 logZ: -217445.377 logLmax: -217434.21
2025-07-12, 13:20:32 - cpnest.NestedSampling.NestedSampler   : 370: n:  20 NS_acc:0.907 S0_acc:0.262 sub_acc:0.150 H: 10.47 logL -217434.33079 --> -217434.21052 dZ: 0.520 logZ: -217445.359 logLmax: -217434.21
2025-07-12, 13:20:32 - cpnest.NestedSampling.NestedSampler   : 371: n:  20 NS_acc:0.907 S0_acc:0.262 sub_acc:0.200 H: 10.46 logL -217434.32087 --> -217434.29894 dZ: 0.500 logZ: -217445.341 logLmax: -217434.21
2025-07-12, 13:20:32 - cpnest.NestedSampling.NestedSampler   : 372: n:  60 NS_acc:0.903 S0_acc:0.260 sub_acc:0.150 H: 10.46 logL -217434.32020 --> -217434.24850 dZ: 0.481 logZ: -217445.323 logLmax: -217434.21
2025-07-12, 13:20:32 - cpnest.NestedSampling.NestedSampler   : 373: n:  20 NS_acc:0.903 S0_acc:0.260 sub_acc:0.150 H: 10.45 logL -217434.32002 --> -217434.24578 dZ: 0.463 logZ: -217445.307 logLmax: -217434.21
2025-07-12, 13:20:33 - cpnest.NestedSampling.NestedSampler   : 374: n:  40 NS_acc:0.901 S0_acc:0.259 sub_acc:0.150 H: 10.44 logL -217434.30742 --> -217434.21918 dZ: 0.446 logZ: -217445.291 logLmax: -217434.21
2025-07-12, 13:20:33 - cpnest.NestedSampling.NestedSampler   : 375: n:  20 NS_acc:0.901 S0_acc:0.259 sub_acc:0.100 H: 10.43 logL -217434.30612 --> -217434.21086 dZ: 0.430 logZ: -217445.276 logLmax: -217434.21
2025-07-12, 13:20:33 - cpnest.NestedSampling.NestedSampler   : 376: n:  20 NS_acc:0.902 S0_acc:0.258 sub_acc:0.150 H: 10.43 logL -217434.29894 --> -217434.22173 dZ: 0.414 logZ: -217445.262 logLmax: -217434.21
2025-07-12, 13:20:33 - cpnest.NestedSampling.NestedSampler   : 377: n:  20 NS_acc:0.902 S0_acc:0.258 sub_acc:0.050 H: 10.42 logL -217434.28545 --> -217434.22517 dZ: 0.399 logZ: -217445.247 logLmax: -217434.21
2025-07-12, 13:20:33 - cpnest.NestedSampling.NestedSampler   : 378: n:  26 NS_acc:0.902 S0_acc:0.258 sub_acc:0.038 H: 10.41 logL -217434.27742 --> -217434.24981 dZ: 0.384 logZ: -217445.234 logLmax: -217434.21
2025-07-12, 13:20:33 - cpnest.sampler.Sampler                : Sampler 3743796 -- ACL(phi_mrg_22)  = 20.753386288353273
2025-07-12, 13:20:33 - cpnest.NestedSampling.NestedSampler   : 379: n:  20 NS_acc:0.902 S0_acc:0.257 sub_acc:0.300 H: 10.41 logL -217434.27213 --> -217434.21485 dZ: 0.370 logZ: -217445.221 logLmax: -217434.21
2025-07-12, 13:20:33 - cpnest.NestedSampling.NestedSampler   : 380: n:  20 NS_acc:0.903 S0_acc:0.257 sub_acc:0.250 H: 10.40 logL -217434.26344 --> -217434.23935 dZ: 0.357 logZ: -217445.208 logLmax: -217434.21
2025-07-12, 13:20:33 - cpnest.NestedSampling.NestedSampler   : 381: n:  20 NS_acc:0.903 S0_acc:0.257 sub_acc:0.300 H: 10.40 logL -217434.26273 --> -217434.21408 dZ: 0.344 logZ: -217445.196 logLmax: -217434.21
2025-07-12, 13:20:33 - cpnest.NestedSampling.NestedSampler   : 382: n:  20 NS_acc:0.903 S0_acc:0.257 sub_acc:0.100 H: 10.39 logL -217434.26252 --> -217434.26152 dZ: 0.332 logZ: -217445.185 logLmax: -217434.21
2025-07-12, 13:20:33 - cpnest.NestedSampling.NestedSampler   : 383: n:  20 NS_acc:0.903 S0_acc:0.257 sub_acc:0.250 H: 10.39 logL -217434.26152 --> -217434.23699 dZ: 0.320 logZ: -217445.174 logLmax: -217434.21
2025-07-12, 13:20:33 - cpnest.NestedSampling.NestedSampler   : 384: n:  32 NS_acc:0.904 S0_acc:0.256 sub_acc:0.031 H: 10.38 logL -217434.25866 --> -217434.21868 dZ: 0.309 logZ: -217445.163 logLmax: -217434.21
2025-07-12, 13:20:33 - cpnest.NestedSampling.NestedSampler   : Rolling KS test: D=0.202, p-value=0.129
2025-07-12, 13:20:33 - cpnest.NestedSampling.NestedSampler   : 385: n:  20 NS_acc:0.904 S0_acc:0.256 sub_acc:0.500 H: 10.38 logL -217434.25634 --> -217434.22782 dZ: 0.298 logZ: -217445.153 logLmax: -217434.21
2025-07-12, 13:20:33 - cpnest.NestedSampling.NestedSampler   : 386: n:  20 NS_acc:0.904 S0_acc:0.257 sub_acc:0.250 H: 10.37 logL -217434.25590 --> -217434.21439 dZ: 0.288 logZ: -217445.143 logLmax: -217434.21
2025-07-12, 13:20:33 - cpnest.NestedSampling.NestedSampler   : 387: n:  20 NS_acc:0.904 S0_acc:0.256 sub_acc:0.300 H: 10.37 logL -217434.25311 --> -217434.21081 dZ: 0.278 logZ: -217445.133 logLmax: -217434.21
2025-07-12, 13:20:33 - cpnest.NestedSampling.NestedSampler   : 388: n:  20 NS_acc:0.904 S0_acc:0.256 sub_acc:0.250 H: 10.36 logL -217434.24981 --> -217434.21131 dZ: 0.268 logZ: -217445.124 logLmax: -217434.21
2025-07-12, 13:20:33 - cpnest.NestedSampling.NestedSampler   : 389: n:  20 NS_acc:0.905 S0_acc:0.256 sub_acc:0.300 H: 10.36 logL -217434.24850 --> -217434.22176 dZ: 0.259 logZ: -217445.115 logLmax: -217434.21
2025-07-12, 13:20:33 - cpnest.NestedSampling.NestedSampler   : 390: n:  20 NS_acc:0.905 S0_acc:0.256 sub_acc:0.200 H: 10.35 logL -217434.24578 --> -217434.21264 dZ: 0.250 logZ: -217445.107 logLmax: -217434.21
2025-07-12, 13:20:33 - cpnest.NestedSampling.NestedSampler   : 391: n:  20 NS_acc:0.905 S0_acc:0.256 sub_acc:0.150 H: 10.35 logL -217434.24221 --> -217434.21468 dZ: 0.241 logZ: -217445.099 logLmax: -217434.21
2025-07-12, 13:20:33 - cpnest.NestedSampling.NestedSampler   : 392: n:  20 NS_acc:0.905 S0_acc:0.256 sub_acc:0.250 H: 10.35 logL -217434.23935 --> -217434.21180 dZ: 0.233 logZ: -217445.091 logLmax: -217434.21
2025-07-12, 13:20:33 - cpnest.NestedSampling.NestedSampler   : 393: n:  20 NS_acc:0.906 S0_acc:0.256 sub_acc:0.350 H: 10.34 logL -217434.23856 --> -217434.21224 dZ: 0.225 logZ: -217445.083 logLmax: -217434.21
2025-07-12, 13:20:33 - cpnest.NestedSampling.NestedSampler   : 394: n:  20 NS_acc:0.906 S0_acc:0.255 sub_acc:0.200 H: 10.34 logL -217434.23699 --> -217434.22079 dZ: 0.217 logZ: -217445.076 logLmax: -217434.21
2025-07-12, 13:20:33 - cpnest.sampler.Sampler                : Sampler 3743796 -- ACL(phi_mrg_22)  = 33.50723150338917
2025-07-12, 13:20:33 - cpnest.NestedSampling.NestedSampler   : 395: n:  32 NS_acc:0.906 S0_acc:0.255 sub_acc:0.188 H: 10.34 logL -217434.23523 --> -217434.21507 dZ: 0.210 logZ: -217445.069 logLmax: -217434.21
2025-07-12, 13:20:33 - cpnest.NestedSampling.NestedSampler   : 396: n:  32 NS_acc:0.906 S0_acc:0.255 sub_acc:0.188 H: 10.33 logL -217434.22782 --> -217434.21069 dZ: 0.203 logZ: -217445.062 logLmax: -217434.21
2025-07-12, 13:20:33 - cpnest.NestedSampling.NestedSampler   : 397: n:  32 NS_acc:0.906 S0_acc:0.254 sub_acc:0.344 H: 10.33 logL -217434.22570 --> -217434.21798 dZ: 0.196 logZ: -217445.056 logLmax: -217434.21
2025-07-12, 13:20:33 - cpnest.NestedSampling.NestedSampler   : 398: n:  32 NS_acc:0.907 S0_acc:0.254 sub_acc:0.219 H: 10.33 logL -217434.22517 --> -217434.21212 dZ: 0.189 logZ: -217445.049 logLmax: -217434.21
2025-07-12, 13:20:33 - cpnest.NestedSampling.NestedSampler   : 399: n:  32 NS_acc:0.907 S0_acc:0.254 sub_acc:0.094 H: 10.32 logL -217434.22396 --> -217434.21881 dZ: 0.183 logZ: -217445.043 logLmax: -217434.21
2025-07-12, 13:20:33 - cpnest.NestedSampling.NestedSampler   : 400: n:  32 NS_acc:0.907 S0_acc:0.254 sub_acc:0.312 H: 10.32 logL -217434.22271 --> -217434.21785 dZ: 0.177 logZ: -217445.037 logLmax: -217434.21
2025-07-12, 13:20:33 - cpnest.NestedSampling.NestedSampler   : 401: n:  32 NS_acc:0.907 S0_acc:0.253 sub_acc:0.250 H: 10.32 logL -217434.22196 --> -217434.21071 dZ: 0.171 logZ: -217445.031 logLmax: -217434.21
2025-07-12, 13:20:33 - cpnest.NestedSampling.NestedSampler   : 402: n:  32 NS_acc:0.907 S0_acc:0.253 sub_acc:0.188 H: 10.31 logL -217434.22176 --> -217434.21035 dZ: 0.165 logZ: -217445.026 logLmax: -217434.21
2025-07-12, 13:20:33 - cpnest.NestedSampling.NestedSampler   : 403: n:  32 NS_acc:0.908 S0_acc:0.253 sub_acc:0.219 H: 10.31 logL -217434.22173 --> -217434.21222 dZ: 0.160 logZ: -217445.021 logLmax: -217434.21
2025-07-12, 13:20:33 - cpnest.NestedSampling.NestedSampler   : 404: n:  32 NS_acc:0.908 S0_acc:0.253 sub_acc:0.156 H: 10.31 logL -217434.22079 --> -217434.21218 dZ: 0.155 logZ: -217445.016 logLmax: -217434.21
2025-07-12, 13:20:33 - cpnest.NestedSampling.NestedSampler   : 405: n:  32 NS_acc:0.908 S0_acc:0.252 sub_acc:0.156 H: 10.31 logL -217434.22052 --> -217434.21157 dZ: 0.150 logZ: -217445.011 logLmax: -217434.21
2025-07-12, 13:20:33 - cpnest.NestedSampling.NestedSampler   : 406: n:  32 NS_acc:0.908 S0_acc:0.252 sub_acc:0.312 H: 10.30 logL -217434.22052 --> -217434.21789 dZ: 0.145 logZ: -217445.006 logLmax: -217434.21
2025-07-12, 13:20:33 - cpnest.NestedSampling.NestedSampler   : 407: n:  32 NS_acc:0.908 S0_acc:0.252 sub_acc:0.250 H: 10.30 logL -217434.22023 --> -217434.21157 dZ: 0.140 logZ: -217445.001 logLmax: -217434.21
2025-07-12, 13:20:33 - cpnest.NestedSampling.NestedSampler   : 408: n:  32 NS_acc:0.909 S0_acc:0.252 sub_acc:0.281 H: 10.30 logL -217434.21918 --> -217434.21569 dZ: 0.135 logZ: -217444.997 logLmax: -217434.21
2025-07-12, 13:20:33 - cpnest.NestedSampling.NestedSampler   : 409: n:  32 NS_acc:0.909 S0_acc:0.252 sub_acc:0.062 H: 10.30 logL -217434.21881 --> -217434.21287 dZ: 0.131 logZ: -217444.993 logLmax: -217434.21
2025-07-12, 13:20:33 - cpnest.NestedSampling.NestedSampler   : 410: n:  32 NS_acc:0.909 S0_acc:0.251 sub_acc:0.125 H: 10.29 logL -217434.21868 --> -217434.21585 dZ: 0.127 logZ: -217444.989 logLmax: -217434.21
2025-07-12, 13:20:33 - cpnest.sampler.Sampler                : Sampler 3743796 -- ACL(phi_mrg_22)  = 14.651731708625366
2025-07-12, 13:20:33 - cpnest.NestedSampling.NestedSampler   : 411: n:  20 NS_acc:0.909 S0_acc:0.251 sub_acc:0.150 H: 10.29 logL -217434.21798 --> -217434.21179 dZ: 0.122 logZ: -217444.985 logLmax: -217434.21
2025-07-12, 13:20:33 - cpnest.NestedSampling.NestedSampler   : 412: n:  20 NS_acc:0.909 S0_acc:0.251 sub_acc:0.250 H: 10.29 logL -217434.21789 --> -217434.21256 dZ: 0.118 logZ: -217444.981 logLmax: -217434.21
2025-07-12, 13:20:33 - cpnest.NestedSampling.NestedSampler   : 413: n:  40 NS_acc:0.908 S0_acc:0.250 sub_acc:0.150 H: 10.29 logL -217434.21785 --> -217434.21521 dZ: 0.115 logZ: -217444.977 logLmax: -217434.21
2025-07-12, 13:20:33 - cpnest.NestedSampling.NestedSampler   : 414: n:  20 NS_acc:0.908 S0_acc:0.250 sub_acc:0.200 H: 10.29 logL -217434.21648 --> -217434.21412 dZ: 0.111 logZ: -217444.973 logLmax: -217434.21
2025-07-12, 13:20:33 - cpnest.NestedSampling.NestedSampler   : 415: n:  20 NS_acc:0.908 S0_acc:0.250 sub_acc:0.050 H: 10.28 logL -217434.21635 --> -217434.21264 dZ: 0.107 logZ: -217444.970 logLmax: -217434.21
2025-07-12, 13:20:33 - cpnest.NestedSampling.NestedSampler   : 416: n:  20 NS_acc:0.908 S0_acc:0.250 sub_acc:0.250 H: 10.28 logL -217434.21585 --> -217434.21148 dZ: 0.104 logZ: -217444.967 logLmax: -217434.21
2025-07-12, 13:20:33 - cpnest.NestedSampling.NestedSampler   : Rolling KS test: D=0.144, p-value=0.476
2025-07-12, 13:20:33 - cpnest.NestedSampling.NestedSampler   : 417: n:  20 NS_acc:0.908 S0_acc:0.250 sub_acc:0.150 H: 10.28 logL -217434.21569 --> -217434.21235 dZ: 0.100 logZ: -217444.963 logLmax: -217434.21
2025-07-12, 13:20:33 - cpnest.NestedSampling.NestedSampler   : 418: n:  20 NS_acc:0.909 S0_acc:0.250 sub_acc:0.350 H: 10.28 logL -217434.21521 --> -217434.21042 dZ: 0.097 logZ: -217444.960 logLmax: -217434.21
2025-07-12, 13:20:33 - cpnest.sampler.Sampler                : Sampler process 3743796: MCMC samples accumulated = 21763
2025-07-12, 13:20:34 - cpnest.NestedSampling.NestedSampler   : Final evidence: -217444.88
2025-07-12, 13:20:34 - cpnest.NestedSampling.NestedSampler   : Information: 10.23
2025-07-12, 13:20:34 - cpnest.NestedSampling._NSintegralState: Saved nested sampling plot as SXS_0305_TEOBPM_22_0M_const_error/Algorithm/logXlogL.png
2025-07-12, 13:20:35 - cpnest.sampler.Sampler                : Sampler process 3743796: saved 21763 mcmc samples in mcmc_chain_3743796.dat
2025-07-12, 13:20:35 - cpnest.sampler.Sampler                : Sampler process 3743796 - mean acceptance 0.249: exiting
2025-07-12, 13:20:35 - cpnest.NestedSampling.NestedSampler   : Final KS test: D=0.0459, p-value=0.331
2025-07-12, 13:20:35 - cpnest.cpnest.CPNest                  : Saving nested samples in SXS_0305_TEOBPM_22_0M_const_error/Algorithm/
2025-07-12, 13:20:35 - cpnest.cpnest.CPNest                  : Saving posterior samples in SXS_0305_TEOBPM_22_0M_const_error/Algorithm/
2025-07-12, 13:20:35 - cpnest.nest2pos                       : Computed log_evidences: (-217445.0524386677,)
2025-07-12, 13:20:35 - cpnest.nest2pos                       : Relative weights of input files: [1.0]
2025-07-12, 13:20:35 - cpnest.nest2pos                       : Relative weights of input files taking into account their length: [1.0]
2025-07-12, 13:20:35 - cpnest.nest2pos                       : Number of input samples: [450]
2025-07-12, 13:20:35 - cpnest.nest2pos                       : Expected number of samples from each input file [68]
2025-07-12, 13:20:35 - cpnest.nest2pos                       : Samples produced: 68
2025-07-12, 13:20:36 - cpnest.nest2pos                       : Number of input samples: 21763
2025-07-12, 13:20:36 - cpnest.nest2pos                       : Measured autocorrelation length 15
2025-07-12, 13:20:36 - cpnest.nest2pos                       : Returned number of samples 748
2025-07-12, 13:20:36 - cpnest.cpnest.CPNest                  : ERROR, no prior samples found!
2025-07-12, 13:20:36 - cpnest.cpnest.CPNest                  : ERROR, no MCMC samples found!
